Function,Class,Method,Group,Milestone,ClassMethod,
DataFrame.index,DataFrame,index,Attributes and underlying data,phase 1,DataFrame.index,
DataFrame.columns,DataFrame,columns,Attributes and underlying data,phase 1,DataFrame.columns,
DataFrame.dtypes,DataFrame,dtypes,Attributes and underlying data,,DataFrame.dtypes,
DataFrame.info,DataFrame,info,Attributes and underlying data,phase 2,DataFrame.info,
DataFrame.select_dtypes,DataFrame,select_dtypes,Attributes and underlying data,phase 2,DataFrame.select_dtypes,
DataFrame.values,DataFrame,values,Attributes and underlying data,phase 1,DataFrame.values,
DataFrame.axes,DataFrame,axes,Attributes and underlying data,,DataFrame.axes,
DataFrame.ndim,DataFrame,ndim,Attributes and underlying data,,DataFrame.ndim,
DataFrame.size,DataFrame,size,Attributes and underlying data,phase 1,DataFrame.size,
DataFrame.shape,DataFrame,shape,Attributes and underlying data,phase 1,DataFrame.shape,
DataFrame.memory_usage,DataFrame,memory_usage,Attributes and underlying data,,DataFrame.memory_usage,
DataFrame.empty,DataFrame,empty,Attributes and underlying data,phase 1,DataFrame.empty,
DataFrame.set_flags,DataFrame,set_flags,Attributes and underlying data,,DataFrame.set_flags,
DataFrame.astype,DataFrame,astype,Conversion,phase 1,DataFrame.astype,
DataFrame.convert_dtypes,DataFrame,convert_dtypes,Conversion,,DataFrame.convert_dtypes,
DataFrame.infer_objects,DataFrame,infer_objects,Conversion,,DataFrame.infer_objects,
DataFrame.copy,DataFrame,copy,Conversion,phase 1,DataFrame.copy,
DataFrame.bool,DataFrame,bool,Conversion,,DataFrame.bool,
DataFrame.head,DataFrame,head,"Indexing, iteration",phase 1,DataFrame.head,
DataFrame.at,DataFrame,at,"Indexing, iteration",,DataFrame.at,
DataFrame.iat,DataFrame,iat,"Indexing, iteration",,DataFrame.iat,
DataFrame.loc,DataFrame,loc,"Indexing, iteration",phase 1,DataFrame.loc,
DataFrame.iloc,DataFrame,iloc,"Indexing, iteration",phase 1,DataFrame.iloc,
DataFrame.insert,DataFrame,insert,"Indexing, iteration",phase 1,DataFrame.insert,
DataFrame.__iter__,DataFrame,__iter__,"Indexing, iteration",,DataFrame.__iter__,
DataFrame.items,DataFrame,items,"Indexing, iteration",on-hold,DataFrame.items,
DataFrame.keys,DataFrame,keys,"Indexing, iteration",on-hold,DataFrame.keys,
DataFrame.iterrows,DataFrame,iterrows,"Indexing, iteration",phase 2,DataFrame.iterrows,
DataFrame.itertuples,DataFrame,itertuples,"Indexing, iteration",phase 2,DataFrame.itertuples,
DataFrame.pop,DataFrame,pop,"Indexing, iteration",,DataFrame.pop,
DataFrame.tail,DataFrame,tail,"Indexing, iteration",phase 1,DataFrame.tail,
DataFrame.xs,DataFrame,xs,"Indexing, iteration",,DataFrame.xs,
DataFrame.get,DataFrame,get,"Indexing, iteration",on-hold,DataFrame.get,
DataFrame.isin,DataFrame,isin,"Indexing, iteration",phase 2,DataFrame.isin,
DataFrame.where,DataFrame,where,"Indexing, iteration",phase 1,DataFrame.where,
DataFrame.mask,DataFrame,mask,"Indexing, iteration",,DataFrame.mask,
DataFrame.query,DataFrame,query,"Indexing, iteration",,DataFrame.query,
DataFrame.__add__,DataFrame,__add__,Binary operator functions,,DataFrame.__add__,
DataFrame.add,DataFrame,add,Binary operator functions,phase 1,DataFrame.add,
DataFrame.sub,DataFrame,sub,Binary operator functions,phase 1,DataFrame.sub,
DataFrame.mul,DataFrame,mul,Binary operator functions,,DataFrame.mul,
DataFrame.div,DataFrame,div,Binary operator functions,,DataFrame.div,
DataFrame.truediv,DataFrame,truediv,Binary operator functions,,DataFrame.truediv,
DataFrame.floordiv,DataFrame,floordiv,Binary operator functions,,DataFrame.floordiv,
DataFrame.mod,DataFrame,mod,Binary operator functions,,DataFrame.mod,
DataFrame.pow,DataFrame,pow,Binary operator functions,,DataFrame.pow,
DataFrame.dot,DataFrame,dot,Binary operator functions,,DataFrame.dot,
DataFrame.radd,DataFrame,radd,Binary operator functions,,DataFrame.radd,
DataFrame.rsub,DataFrame,rsub,Binary operator functions,,DataFrame.rsub,
DataFrame.rmul,DataFrame,rmul,Binary operator functions,,DataFrame.rmul,
DataFrame.rdiv,DataFrame,rdiv,Binary operator functions,,DataFrame.rdiv,
DataFrame.rtruediv,DataFrame,rtruediv,Binary operator functions,,DataFrame.rtruediv,
DataFrame.rfloordiv,DataFrame,rfloordiv,Binary operator functions,,DataFrame.rfloordiv,
DataFrame.rmod,DataFrame,rmod,Binary operator functions,,DataFrame.rmod,
DataFrame.rpow,DataFrame,rpow,Binary operator functions,,DataFrame.rpow,
DataFrame.lt,DataFrame,lt,Binary operator functions,,DataFrame.lt,
DataFrame.gt,DataFrame,gt,Binary operator functions,,DataFrame.gt,
DataFrame.le,DataFrame,le,Binary operator functions,,DataFrame.le,
DataFrame.ge,DataFrame,ge,Binary operator functions,,DataFrame.ge,
DataFrame.ne,DataFrame,ne,Binary operator functions,,DataFrame.ne,
DataFrame.eq,DataFrame,eq,Binary operator functions,,DataFrame.eq,
DataFrame.combine,DataFrame,combine,Binary operator functions,,DataFrame.combine,
DataFrame.combine_first,DataFrame,combine_first,Binary operator functions,,DataFrame.combine_first,
DataFrame.apply,DataFrame,apply,"Function application, GroupBy & window",phase 1,DataFrame.apply,
DataFrame.applymap,DataFrame,applymap,"Function application, GroupBy & window",phase 1,DataFrame.applymap,
DataFrame.pipe,DataFrame,pipe,"Function application, GroupBy & window",,DataFrame.pipe,
DataFrame.agg,DataFrame,agg,"Function application, GroupBy & window",phase 1,DataFrame.agg,
DataFrame.aggregate,DataFrame,aggregate,"Function application, GroupBy & window",,DataFrame.aggregate,
DataFrame.transform,DataFrame,transform,"Function application, GroupBy & window",,DataFrame.transform,
DataFrame.groupby,DataFrame,groupby,"Function application, GroupBy & window",phase 1,DataFrame.groupby,
DataFrame.rolling,DataFrame,rolling,"Function application, GroupBy & window",phase 2,DataFrame.rolling,
DataFrame.expanding,DataFrame,expanding,"Function application, GroupBy & window",,DataFrame.expanding,
DataFrame.ewm,DataFrame,ewm,"Function application, GroupBy & window",,DataFrame.ewm,
DataFrame.abs,DataFrame,abs,Computations / descriptive stats,,DataFrame.abs,
DataFrame.all,DataFrame,all,Computations / descriptive stats,,DataFrame.all,
DataFrame.any,DataFrame,any,Computations / descriptive stats,,DataFrame.any,
DataFrame.clip,DataFrame,clip,Computations / descriptive stats,,DataFrame.clip,
DataFrame.corr,DataFrame,corr,Computations / descriptive stats,phase 2,DataFrame.corr,
DataFrame.corrwith,DataFrame,corrwith,Computations / descriptive stats,,DataFrame.corrwith,
DataFrame.count,DataFrame,count,Computations / descriptive stats,phase 1,DataFrame.count,
DataFrame.cov,DataFrame,cov,Computations / descriptive stats,,DataFrame.cov,
DataFrame.cummax,DataFrame,cummax,Computations / descriptive stats,phase 2,DataFrame.cummax,
DataFrame.cummin,DataFrame,cummin,Computations / descriptive stats,phase 2,DataFrame.cummin,
DataFrame.cumprod,DataFrame,cumprod,Computations / descriptive stats,,DataFrame.cumprod,
DataFrame.cumsum,DataFrame,cumsum,Computations / descriptive stats,phase 2,DataFrame.cumsum,
DataFrame.describe,DataFrame,describe,Computations / descriptive stats,phase 2,DataFrame.describe,
DataFrame.diff,DataFrame,diff,Computations / descriptive stats,phase 2,DataFrame.diff,
DataFrame.eval,DataFrame,eval,Computations / descriptive stats,,DataFrame.eval,
DataFrame.kurt,DataFrame,kurt,Computations / descriptive stats,,DataFrame.kurt,
DataFrame.kurtosis,DataFrame,kurtosis,Computations / descriptive stats,,DataFrame.kurtosis,
DataFrame.max,DataFrame,max,Computations / descriptive stats,phase 1,DataFrame.max,
DataFrame.mean,DataFrame,mean,Computations / descriptive stats,phase 1,DataFrame.mean,
DataFrame.median,DataFrame,median,Computations / descriptive stats,phase 1,DataFrame.median,
DataFrame.min,DataFrame,min,Computations / descriptive stats,phase 1,DataFrame.min,
DataFrame.mode,DataFrame,mode,Computations / descriptive stats,,DataFrame.mode,
DataFrame.pct_change,DataFrame,pct_change,Computations / descriptive stats,,DataFrame.pct_change,
DataFrame.prod,DataFrame,prod,Computations / descriptive stats,,DataFrame.prod,
DataFrame.product,DataFrame,product,Computations / descriptive stats,,DataFrame.product,
DataFrame.quantile,DataFrame,quantile,Computations / descriptive stats,phase 1,DataFrame.quantile,
DataFrame.rank,DataFrame,rank,Computations / descriptive stats,phase 2,DataFrame.rank,
DataFrame.round,DataFrame,round,Computations / descriptive stats,phase 2,DataFrame.round,
DataFrame.sem,DataFrame,sem,Computations / descriptive stats,,DataFrame.sem,
DataFrame.skew,DataFrame,skew,Computations / descriptive stats,phase 2,DataFrame.skew,
DataFrame.sum,DataFrame,sum,Computations / descriptive stats,phase 1,DataFrame.sum,
DataFrame.std,DataFrame,std,Computations / descriptive stats,phase 1,DataFrame.std,
DataFrame.var,DataFrame,var,Computations / descriptive stats,phase 1,DataFrame.var,
DataFrame.nunique,DataFrame,nunique,Computations / descriptive stats,phase 1,DataFrame.nunique,
DataFrame.value_counts,DataFrame,value_counts,Computations / descriptive stats,phase 2,DataFrame.value_counts,
DataFrame.add_prefix,DataFrame,add_prefix,Reindexing / selection / label manipulation,phase 2,DataFrame.add_prefix,
DataFrame.add_suffix,DataFrame,add_suffix,Reindexing / selection / label manipulation,phase 2,DataFrame.add_suffix,
DataFrame.align,DataFrame,align,Reindexing / selection / label manipulation,,DataFrame.align,
DataFrame.at_time,DataFrame,at_time,Reindexing / selection / label manipulation,,DataFrame.at_time,
DataFrame.between_time,DataFrame,between_time,Reindexing / selection / label manipulation,,DataFrame.between_time,
DataFrame.drop,DataFrame,drop,Reindexing / selection / label manipulation,phase 1,DataFrame.drop,
DataFrame.drop_duplicates,DataFrame,drop_duplicates,Reindexing / selection / label manipulation,phase 2,DataFrame.drop_duplicates,
DataFrame.duplicated,DataFrame,duplicated,Reindexing / selection / label manipulation,phase 2,DataFrame.duplicated,
DataFrame.equals,DataFrame,equals,Reindexing / selection / label manipulation,,DataFrame.equals,
DataFrame.filter,DataFrame,filter,Reindexing / selection / label manipulation,on-hold,DataFrame.filter,
DataFrame.first,DataFrame,first,Reindexing / selection / label manipulation,on-hold,DataFrame.first,
DataFrame.head,DataFrame,head,Reindexing / selection / label manipulation,phase 1,DataFrame.head,
DataFrame.idxmax,DataFrame,idxmax,Reindexing / selection / label manipulation,phase 2,DataFrame.idxmax,
DataFrame.idxmin,DataFrame,idxmin,Reindexing / selection / label manipulation,phase 2,DataFrame.idxmin,
DataFrame.last,DataFrame,last,Reindexing / selection / label manipulation,,DataFrame.last,
DataFrame.reindex,DataFrame,reindex,Reindexing / selection / label manipulation,,DataFrame.reindex,
DataFrame.reindex_like,DataFrame,reindex_like,Reindexing / selection / label manipulation,,DataFrame.reindex_like,
DataFrame.rename,DataFrame,rename,Reindexing / selection / label manipulation,phase 1,DataFrame.rename,
DataFrame.rename_axis,DataFrame,rename_axis,Reindexing / selection / label manipulation,,DataFrame.rename_axis,
DataFrame.reset_index,DataFrame,reset_index,Reindexing / selection / label manipulation,phase 1,DataFrame.reset_index,
DataFrame.sample,DataFrame,sample,Reindexing / selection / label manipulation,phase 2,DataFrame.sample,
DataFrame.set_axis,DataFrame,set_axis,Reindexing / selection / label manipulation,,DataFrame.set_axis,
DataFrame.set_index,DataFrame,set_index,Reindexing / selection / label manipulation,phase 1,DataFrame.set_index,
DataFrame.tail,DataFrame,tail,Reindexing / selection / label manipulation,phase 1,DataFrame.tail,
DataFrame.take,DataFrame,take,Reindexing / selection / label manipulation,,DataFrame.take,
DataFrame.truncate,DataFrame,truncate,Reindexing / selection / label manipulation,,DataFrame.truncate,
DataFrame.backfill,DataFrame,backfill,Missing data handling,,DataFrame.backfill,
DataFrame.bfill,DataFrame,bfill,Missing data handling,,DataFrame.bfill,
DataFrame.dropna,DataFrame,dropna,Missing data handling,phase 1,DataFrame.dropna,
DataFrame.ffill,DataFrame,ffill,Missing data handling,,DataFrame.ffill,
DataFrame.fillna,DataFrame,fillna,Missing data handling,phase 1,DataFrame.fillna,
DataFrame.interpolate,DataFrame,interpolate,Missing data handling,,DataFrame.interpolate,
DataFrame.isna,DataFrame,isna,Missing data handling,phase 1,DataFrame.isna,
DataFrame.isnull,DataFrame,isnull,Missing data handling,phase 1,DataFrame.isnull,
DataFrame.notna,DataFrame,notna,Missing data handling,phase 1,DataFrame.notna,
DataFrame.notnull,DataFrame,notnull,Missing data handling,phase 1,DataFrame.notnull,
DataFrame.pad,DataFrame,pad,Missing data handling,,DataFrame.pad,
DataFrame.replace,DataFrame,replace,Missing data handling,phase 2,DataFrame.replace,
DataFrame.droplevel,DataFrame,droplevel,"Reshaping, sorting, transposing",,DataFrame.droplevel,
DataFrame.pivot,DataFrame,pivot,"Reshaping, sorting, transposing",,DataFrame.pivot,
DataFrame.pivot_table,DataFrame,pivot_table,"Reshaping, sorting, transposing",phase 1,DataFrame.pivot_table,
DataFrame.reorder_levels,DataFrame,reorder_levels,"Reshaping, sorting, transposing",,DataFrame.reorder_levels,
DataFrame.sort_values,DataFrame,sort_values,"Reshaping, sorting, transposing",phase 1,DataFrame.sort_values,
DataFrame.sort_index,DataFrame,sort_index,"Reshaping, sorting, transposing",phase 2,DataFrame.sort_index,
DataFrame.nlargest,DataFrame,nlargest,"Reshaping, sorting, transposing",,DataFrame.nlargest,
DataFrame.nsmallest,DataFrame,nsmallest,"Reshaping, sorting, transposing",,DataFrame.nsmallest,
DataFrame.swaplevel,DataFrame,swaplevel,"Reshaping, sorting, transposing",,DataFrame.swaplevel,
DataFrame.stack,DataFrame,stack,"Reshaping, sorting, transposing",,DataFrame.stack,
DataFrame.unstack,DataFrame,unstack,"Reshaping, sorting, transposing",,DataFrame.unstack,
DataFrame.swapaxes,DataFrame,swapaxes,"Reshaping, sorting, transposing",,DataFrame.swapaxes,
DataFrame.melt,DataFrame,melt,"Reshaping, sorting, transposing",phase 2,DataFrame.melt,
DataFrame.explode,DataFrame,explode,"Reshaping, sorting, transposing",,DataFrame.explode,
DataFrame.squeeze,DataFrame,squeeze,"Reshaping, sorting, transposing",,DataFrame.squeeze,
DataFrame.to_xarray,DataFrame,to_xarray,"Reshaping, sorting, transposing",,DataFrame.to_xarray,
DataFrame.T,DataFrame,T,"Reshaping, sorting, transposing",phase 1,DataFrame.T,
DataFrame.transpose,DataFrame,transpose,"Reshaping, sorting, transposing",phase 1,DataFrame.transpose,
DataFrame.assign,DataFrame,assign,Combining / comparing / joining / merging,,DataFrame.assign,
DataFrame.compare,DataFrame,compare,Combining / comparing / joining / merging,,DataFrame.compare,
DataFrame.join,DataFrame,join,Combining / comparing / joining / merging,phase 1,DataFrame.join,
DataFrame.merge,DataFrame,merge,Combining / comparing / joining / merging,phase 1,DataFrame.merge,
DataFrame.update,DataFrame,update,Combining / comparing / joining / merging,,DataFrame.update,
DataFrame.asfreq,DataFrame,asfreq,Time Series-related,,DataFrame.asfreq,
DataFrame.asof,DataFrame,asof,Time Series-related,,DataFrame.asof,
DataFrame.shift,DataFrame,shift,Time Series-related,phase 2,DataFrame.shift,
DataFrame.first_valid_index,DataFrame,first_valid_index,Time Series-related,phase 2,DataFrame.first_valid_index,
DataFrame.last_valid_index,DataFrame,last_valid_index,Time Series-related,phase 2,DataFrame.last_valid_index,
DataFrame.resample,DataFrame,resample,Time Series-related,phase 1,DataFrame.resample,
DataFrame.to_period,DataFrame,to_period,Time Series-related,,DataFrame.to_period,
DataFrame.to_timestamp,DataFrame,to_timestamp,Time Series-related,,DataFrame.to_timestamp,
DataFrame.tz_convert,DataFrame,tz_convert,Time Series-related,,DataFrame.tz_convert,
DataFrame.tz_localize,DataFrame,tz_localize,Time Series-related,,DataFrame.tz_localize,
DataFrame.attrs,DataFrame,attrs,Metadata,,DataFrame.attrs,
DataFrame.plot,DataFrame,plot,Plotting,,DataFrame.plot,
DataFrame.plot.area,DataFrame,plot.area,Plotting,,DataFrame.plot.area,
DataFrame.plot.bar,DataFrame,plot.bar,Plotting,,DataFrame.plot.bar,
DataFrame.plot.barh,DataFrame,plot.barh,Plotting,,DataFrame.plot.barh,
DataFrame.plot.box,DataFrame,plot.box,Plotting,,DataFrame.plot.box,
DataFrame.plot.density,DataFrame,plot.density,Plotting,,DataFrame.plot.density,
DataFrame.plot.hexbin,DataFrame,plot.hexbin,Plotting,,DataFrame.plot.hexbin,
DataFrame.plot.hist,DataFrame,plot.hist,Plotting,,DataFrame.plot.hist,
DataFrame.plot.kde,DataFrame,plot.kde,Plotting,,DataFrame.plot.kde,
DataFrame.plot.line,DataFrame,plot.line,Plotting,,DataFrame.plot.line,
DataFrame.plot.pie,DataFrame,plot.pie,Plotting,,DataFrame.plot.pie,
DataFrame.plot.scatter,DataFrame,plot.scatter,Plotting,,DataFrame.plot.scatter,
DataFrame.boxplot,DataFrame,boxplot,Plotting,,DataFrame.boxplot,
DataFrame.hist,DataFrame,hist,Plotting,,DataFrame.hist,
DataFrame.sparse.density,DataFrame,sparse.density,Sparse accessor,,DataFrame.sparse.density,
DataFrame.sparse.from_spmatrix,DataFrame,sparse.from_spmatrix,Sparse accessor,,DataFrame.sparse.from_spmatrix,
DataFrame.sparse.to_coo,DataFrame,sparse.to_coo,Sparse accessor,,DataFrame.sparse.to_coo,
DataFrame.sparse.to_dense,DataFrame,sparse.to_dense,Sparse accessor,,DataFrame.sparse.to_dense,
DataFrame.from_dict,DataFrame,from_dict,Serialization / IO / conversion,,DataFrame.from_dict,
DataFrame.from_records,DataFrame,from_records,Serialization / IO / conversion,,DataFrame.from_records,
DataFrame.to_orc,DataFrame,to_orc,Serialization / IO / conversion,,DataFrame.to_orc,
DataFrame.to_parquet,DataFrame,to_parquet,Serialization / IO / conversion,,DataFrame.to_parquet,
DataFrame.to_pickle,DataFrame,to_pickle,Serialization / IO / conversion,,DataFrame.to_pickle,
DataFrame.to_csv,DataFrame,to_csv,Serialization / IO / conversion,,DataFrame.to_csv,
DataFrame.to_hdf,DataFrame,to_hdf,Serialization / IO / conversion,,DataFrame.to_hdf,
DataFrame.to_sql,DataFrame,to_sql,Serialization / IO / conversion,,DataFrame.to_sql,
DataFrame.to_dict,DataFrame,to_dict,Serialization / IO / conversion,phase 2,DataFrame.to_dict,
DataFrame.to_excel,DataFrame,to_excel,Serialization / IO / conversion,,DataFrame.to_excel,
DataFrame.to_json,DataFrame,to_json,Serialization / IO / conversion,,DataFrame.to_json,
DataFrame.to_html,DataFrame,to_html,Serialization / IO / conversion,,DataFrame.to_html,
DataFrame.to_feather,DataFrame,to_feather,Serialization / IO / conversion,,DataFrame.to_feather,
DataFrame.to_latex,DataFrame,to_latex,Serialization / IO / conversion,,DataFrame.to_latex,
DataFrame.to_stata,DataFrame,to_stata,Serialization / IO / conversion,,DataFrame.to_stata,
DataFrame.to_gbq,DataFrame,to_gbq,Serialization / IO / conversion,,DataFrame.to_gbq,
DataFrame.to_records,DataFrame,to_records,Serialization / IO / conversion,,DataFrame.to_records,
DataFrame.to_string,DataFrame,to_string,Serialization / IO / conversion,,DataFrame.to_string,
DataFrame.to_clipboard,DataFrame,to_clipboard,Serialization / IO / conversion,,DataFrame.to_clipboard,
DataFrame.to_markdown,DataFrame,to_markdown,Serialization / IO / conversion,,DataFrame.to_markdown,
DataFrame.style,DataFrame,style,Serialization / IO / conversion,,DataFrame.style,
DataFrame.__dataframe__,DataFrame,__dataframe__,Serialization / IO / conversion,,DataFrame.__dataframe__,
Series.index,Series,index,Attributes,phase 1,Series.index,
Series.array,Series,array,Attributes,,Series.array,
Series.values,Series,values,Attributes,phase 1,Series.values,
Series.dtype,Series,dtype,Attributes,,Series.dtype,
Series.shape,Series,shape,Attributes,phase 1,Series.shape,
Series.nbytes,Series,nbytes,Attributes,,Series.nbytes,
Series.ndim,Series,ndim,Attributes,,Series.ndim,
Series.size,Series,size,Attributes,phase 1,Series.size,
Series.T,Series,T,Attributes,phase 1,Series.T,
Series.memory_usage,Series,memory_usage,Attributes,,Series.memory_usage,
Series.hasnans,Series,hasnans,Attributes,,Series.hasnans,
Series.empty,Series,empty,Attributes,phase 1,Series.empty,
Series.dtypes,Series,dtypes,Attributes,,Series.dtypes,
Series.name,Series,name,Attributes,,Series.name,
Series.flags,Series,flags,Attributes,,Series.flags,
Series.set_flags,Series,set_flags,Attributes,,Series.set_flags,
Series.astype,Series,astype,Conversion,phase 1,Series.astype,
Series.convert_dtypes,Series,convert_dtypes,Conversion,,Series.convert_dtypes,
Series.infer_objects,Series,infer_objects,Conversion,,Series.infer_objects,
Series.copy,Series,copy,Conversion,phase 1,Series.copy,
Series.bool,Series,bool,Conversion,,Series.bool,
Series.to_numpy,Series,to_numpy,Conversion,phase 1,Series.to_numpy,
Series.to_period,Series,to_period,Conversion,,Series.to_period,
Series.to_timestamp,Series,to_timestamp,Conversion,,Series.to_timestamp,
Series.to_list,Series,to_list,Conversion,phase 1,Series.to_list,
Series.__array__,Series,__array__,Conversion,,Series.__array__,
Series.get,Series,get,"Indexing, iteration",on-hold,Series.get,
Series.at,Series,at,"Indexing, iteration",,Series.at,
Series.iat,Series,iat,"Indexing, iteration",,Series.iat,
Series.loc,Series,loc,"Indexing, iteration",phase 1,Series.loc,
Series.iloc,Series,iloc,"Indexing, iteration",phase 1,Series.iloc,
Series.__iter__,Series,__iter__,"Indexing, iteration",,Series.__iter__,
Series.items,Series,items,"Indexing, iteration",on-hold,Series.items,
Series.keys,Series,keys,"Indexing, iteration",on-hold,Series.keys,
Series.pop,Series,pop,"Indexing, iteration",,Series.pop,
Series.item,Series,item,"Indexing, iteration",,Series.item,
Series.xs,Series,xs,"Indexing, iteration",,Series.xs,
Series.add,Series,add,Binary operator functions,phase 1,Series.add,
Series.sub,Series,sub,Binary operator functions,phase 1,Series.sub,
Series.mul,Series,mul,Binary operator functions,,Series.mul,
Series.div,Series,div,Binary operator functions,,Series.div,
Series.truediv,Series,truediv,Binary operator functions,,Series.truediv,
Series.floordiv,Series,floordiv,Binary operator functions,,Series.floordiv,
Series.mod,Series,mod,Binary operator functions,,Series.mod,
Series.pow,Series,pow,Binary operator functions,,Series.pow,
Series.radd,Series,radd,Binary operator functions,,Series.radd,
Series.rsub,Series,rsub,Binary operator functions,,Series.rsub,
Series.rmul,Series,rmul,Binary operator functions,,Series.rmul,
Series.rdiv,Series,rdiv,Binary operator functions,,Series.rdiv,
Series.rtruediv,Series,rtruediv,Binary operator functions,,Series.rtruediv,
Series.rfloordiv,Series,rfloordiv,Binary operator functions,,Series.rfloordiv,
Series.rmod,Series,rmod,Binary operator functions,,Series.rmod,
Series.rpow,Series,rpow,Binary operator functions,,Series.rpow,
Series.combine,Series,combine,Binary operator functions,,Series.combine,
Series.combine_first,Series,combine_first,Binary operator functions,,Series.combine_first,
Series.round,Series,round,Binary operator functions,phase 2,Series.round,
Series.lt,Series,lt,Binary operator functions,,Series.lt,
Series.gt,Series,gt,Binary operator functions,,Series.gt,
Series.le,Series,le,Binary operator functions,,Series.le,
Series.ge,Series,ge,Binary operator functions,,Series.ge,
Series.ne,Series,ne,Binary operator functions,,Series.ne,
Series.eq,Series,eq,Binary operator functions,,Series.eq,
Series.product,Series,product,Binary operator functions,,Series.product,
Series.dot,Series,dot,Binary operator functions,,Series.dot,
Series.apply,Series,apply,"Function application, GroupBy & window",phase 1,Series.apply,
Series.agg,Series,agg,"Function application, GroupBy & window",phase 1,Series.agg,
Series.aggregate,Series,aggregate,"Function application, GroupBy & window",,Series.aggregate,
Series.transform,Series,transform,"Function application, GroupBy & window",,Series.transform,
Series.map,Series,map,"Function application, GroupBy & window",on-hold,Series.map,
Series.groupby,Series,groupby,"Function application, GroupBy & window",phase 1,Series.groupby,
Series.rolling,Series,rolling,"Function application, GroupBy & window",phase 2,Series.rolling,
Series.expanding,Series,expanding,"Function application, GroupBy & window",,Series.expanding,
Series.ewm,Series,ewm,"Function application, GroupBy & window",,Series.ewm,
Series.pipe,Series,pipe,"Function application, GroupBy & window",,Series.pipe,
Series.abs,Series,abs,Computations / descriptive stats,,Series.abs,
Series.all,Series,all,Computations / descriptive stats,,Series.all,
Series.any,Series,any,Computations / descriptive stats,,Series.any,
Series.autocorr,Series,autocorr,Computations / descriptive stats,,Series.autocorr,
Series.between,Series,between,Computations / descriptive stats,,Series.between,
Series.clip,Series,clip,Computations / descriptive stats,,Series.clip,
Series.corr,Series,corr,Computations / descriptive stats,,Series.corr,
Series.count,Series,count,Computations / descriptive stats,phase 1,Series.count,
Series.cov,Series,cov,Computations / descriptive stats,,Series.cov,
Series.cummax,Series,cummax,Computations / descriptive stats,phase 2,Series.cummax,
Series.cummin,Series,cummin,Computations / descriptive stats,phase 2,Series.cummin,
Series.cumprod,Series,cumprod,Computations / descriptive stats,,Series.cumprod,
Series.cumsum,Series,cumsum,Computations / descriptive stats,phase 2,Series.cumsum,
Series.describe,Series,describe,Computations / descriptive stats,phase 2,Series.describe,
Series.diff,Series,diff,Computations / descriptive stats,phase 2,Series.diff,
Series.factorize,Series,factorize,Computations / descriptive stats,,Series.factorize,
Series.kurt,Series,kurt,Computations / descriptive stats,,Series.kurt,
Series.max,Series,max,Computations / descriptive stats,phase 1,Series.max,
Series.mean,Series,mean,Computations / descriptive stats,phase 1,Series.mean,
Series.median,Series,median,Computations / descriptive stats,phase 1,Series.median,
Series.min,Series,min,Computations / descriptive stats,phase 1,Series.min,
Series.mode,Series,mode,Computations / descriptive stats,,Series.mode,
Series.nlargest,Series,nlargest,Computations / descriptive stats,,Series.nlargest,
Series.nsmallest,Series,nsmallest,Computations / descriptive stats,,Series.nsmallest,
Series.pct_change,Series,pct_change,Computations / descriptive stats,,Series.pct_change,
Series.prod,Series,prod,Computations / descriptive stats,,Series.prod,
Series.quantile,Series,quantile,Computations / descriptive stats,phase 1,Series.quantile,
Series.rank,Series,rank,Computations / descriptive stats,phase 2,Series.rank,
Series.sem,Series,sem,Computations / descriptive stats,,Series.sem,
Series.skew,Series,skew,Computations / descriptive stats,phase 2,Series.skew,
Series.std,Series,std,Computations / descriptive stats,phase 1,Series.std,
Series.sum,Series,sum,Computations / descriptive stats,phase 1,Series.sum,
Series.var,Series,var,Computations / descriptive stats,phase 1,Series.var,
Series.kurtosis,Series,kurtosis,Computations / descriptive stats,,Series.kurtosis,
Series.unique,Series,unique,Computations / descriptive stats,phase 1,Series.unique,
Series.nunique,Series,nunique,Computations / descriptive stats,phase 1,Series.nunique,
Series.is_unique,Series,is_unique,Computations / descriptive stats,,Series.is_unique,
Series.is_monotonic_increasing,Series,is_monotonic_increasing,Computations / descriptive stats,,Series.is_monotonic_increasing,
Series.is_monotonic_decreasing,Series,is_monotonic_decreasing,Computations / descriptive stats,,Series.is_monotonic_decreasing,
Series.value_counts,Series,value_counts,Computations / descriptive stats,phase 2,Series.value_counts,
Series.align,Series,align,Reindexing / selection / label manipulation,,Series.align,
Series.drop,Series,drop,Reindexing / selection / label manipulation,phase 1,Series.drop,
Series.droplevel,Series,droplevel,Reindexing / selection / label manipulation,,Series.droplevel,
Series.drop_duplicates,Series,drop_duplicates,Reindexing / selection / label manipulation,phase 2,Series.drop_duplicates,
Series.duplicated,Series,duplicated,Reindexing / selection / label manipulation,phase 2,Series.duplicated,
Series.equals,Series,equals,Reindexing / selection / label manipulation,,Series.equals,
Series.first,Series,first,Reindexing / selection / label manipulation,on-hold,Series.first,
Series.head,Series,head,Reindexing / selection / label manipulation,phase 1,Series.head,
Series.idxmax,Series,idxmax,Reindexing / selection / label manipulation,phase 2,Series.idxmax,
Series.idxmin,Series,idxmin,Reindexing / selection / label manipulation,phase 2,Series.idxmin,
Series.isin,Series,isin,Reindexing / selection / label manipulation,phase 2,Series.isin,
Series.last,Series,last,Reindexing / selection / label manipulation,,Series.last,
Series.reindex,Series,reindex,Reindexing / selection / label manipulation,,Series.reindex,
Series.reindex_like,Series,reindex_like,Reindexing / selection / label manipulation,,Series.reindex_like,
Series.rename,Series,rename,Reindexing / selection / label manipulation,phase 1,Series.rename,
Series.rename_axis,Series,rename_axis,Reindexing / selection / label manipulation,,Series.rename_axis,
Series.reset_index,Series,reset_index,Reindexing / selection / label manipulation,phase 1,Series.reset_index,
Series.sample,Series,sample,Reindexing / selection / label manipulation,phase 2,Series.sample,
Series.set_axis,Series,set_axis,Reindexing / selection / label manipulation,,Series.set_axis,
Series.take,Series,take,Reindexing / selection / label manipulation,,Series.take,
Series.tail,Series,tail,Reindexing / selection / label manipulation,phase 1,Series.tail,
Series.truncate,Series,truncate,Reindexing / selection / label manipulation,,Series.truncate,
Series.where,Series,where,Reindexing / selection / label manipulation,phase 1,Series.where,
Series.mask,Series,mask,Reindexing / selection / label manipulation,,Series.mask,
Series.add_prefix,Series,add_prefix,Reindexing / selection / label manipulation,phase 2,Series.add_prefix,
Series.add_suffix,Series,add_suffix,Reindexing / selection / label manipulation,phase 2,Series.add_suffix,
Series.filter,Series,filter,Reindexing / selection / label manipulation,on-hold,Series.filter,
Series.backfill,Series,backfill,Missing data handling,,Series.backfill,
Series.bfill,Series,bfill,Missing data handling,,Series.bfill,
Series.dropna,Series,dropna,Missing data handling,phase 1,Series.dropna,
Series.ffill,Series,ffill,Missing data handling,,Series.ffill,
Series.fillna,Series,fillna,Missing data handling,phase 1,Series.fillna,
Series.interpolate,Series,interpolate,Missing data handling,,Series.interpolate,
Series.isna,Series,isna,Missing data handling,phase 1,Series.isna,
Series.isnull,Series,isnull,Missing data handling,phase 1,Series.isnull,
Series.notna,Series,notna,Missing data handling,phase 1,Series.notna,
Series.notnull,Series,notnull,Missing data handling,phase 1,Series.notnull,
Series.pad,Series,pad,Missing data handling,,Series.pad,
Series.replace,Series,replace,Missing data handling,phase 2,Series.replace,
Series.argsort,Series,argsort,"Reshaping, sorting",,Series.argsort,
Series.argmin,Series,argmin,"Reshaping, sorting",,Series.argmin,
Series.argmax,Series,argmax,"Reshaping, sorting",,Series.argmax,
Series.reorder_levels,Series,reorder_levels,"Reshaping, sorting",,Series.reorder_levels,
Series.sort_values,Series,sort_values,"Reshaping, sorting",phase 1,Series.sort_values,
Series.sort_index,Series,sort_index,"Reshaping, sorting",phase 2,Series.sort_index,
Series.swaplevel,Series,swaplevel,"Reshaping, sorting",,Series.swaplevel,
Series.unstack,Series,unstack,"Reshaping, sorting",,Series.unstack,
Series.explode,Series,explode,"Reshaping, sorting",,Series.explode,
Series.searchsorted,Series,searchsorted,"Reshaping, sorting",,Series.searchsorted,
Series.ravel,Series,ravel,"Reshaping, sorting",,Series.ravel,
Series.repeat,Series,repeat,"Reshaping, sorting",,Series.repeat,
Series.squeeze,Series,squeeze,"Reshaping, sorting",,Series.squeeze,
Series.view,Series,view,"Reshaping, sorting",,Series.view,
Series.compare,Series,compare,Combining / comparing / joining / merging,,Series.compare,
Series.update,Series,update,Combining / comparing / joining / merging,,Series.update,
Series.asfreq,Series,asfreq,Time Series-related,,Series.asfreq,
Series.asof,Series,asof,Time Series-related,,Series.asof,
Series.shift,Series,shift,Time Series-related,phase 2,Series.shift,
Series.first_valid_index,Series,first_valid_index,Time Series-related,phase 2,Series.first_valid_index,
Series.last_valid_index,Series,last_valid_index,Time Series-related,phase 2,Series.last_valid_index,
Series.resample,Series,resample,Time Series-related,phase 1,Series.resample,
Series.tz_convert,Series,tz_convert,Time Series-related,,Series.tz_convert,
Series.tz_localize,Series,tz_localize,Time Series-related,,Series.tz_localize,
Series.at_time,Series,at_time,Time Series-related,,Series.at_time,
Series.between_time,Series,between_time,Time Series-related,,Series.between_time,
Series.dt.date,Series,dt.date,Datetime properties,,Series.dt.date,
Series.dt.time,Series,dt.time,Datetime properties,,Series.dt.time,
Series.dt.timetz,Series,dt.timetz,Datetime properties,,Series.dt.timetz,
Series.dt.year,Series,dt.year,Datetime properties,,Series.dt.year,
Series.dt.month,Series,dt.month,Datetime properties,,Series.dt.month,
Series.dt.day,Series,dt.day,Datetime properties,,Series.dt.day,
Series.dt.hour,Series,dt.hour,Datetime properties,,Series.dt.hour,
Series.dt.minute,Series,dt.minute,Datetime properties,,Series.dt.minute,
Series.dt.second,Series,dt.second,Datetime properties,,Series.dt.second,
Series.dt.microsecond,Series,dt.microsecond,Datetime properties,,Series.dt.microsecond,
Series.dt.nanosecond,Series,dt.nanosecond,Datetime properties,,Series.dt.nanosecond,
Series.dt.dayofweek,Series,dt.dayofweek,Datetime properties,,Series.dt.dayofweek,
Series.dt.day_of_week,Series,dt.day_of_week,Datetime properties,,Series.dt.day_of_week,
Series.dt.weekday,Series,dt.weekday,Datetime properties,,Series.dt.weekday,
Series.dt.dayofyear,Series,dt.dayofyear,Datetime properties,,Series.dt.dayofyear,
Series.dt.day_of_year,Series,dt.day_of_year,Datetime properties,,Series.dt.day_of_year,
Series.dt.quarter,Series,dt.quarter,Datetime properties,,Series.dt.quarter,
Series.dt.is_month_start,Series,dt.is_month_start,Datetime properties,,Series.dt.is_month_start,
Series.dt.is_month_end,Series,dt.is_month_end,Datetime properties,,Series.dt.is_month_end,
Series.dt.is_quarter_start,Series,dt.is_quarter_start,Datetime properties,,Series.dt.is_quarter_start,
Series.dt.is_quarter_end,Series,dt.is_quarter_end,Datetime properties,,Series.dt.is_quarter_end,
Series.dt.is_year_start,Series,dt.is_year_start,Datetime properties,,Series.dt.is_year_start,
Series.dt.is_year_end,Series,dt.is_year_end,Datetime properties,,Series.dt.is_year_end,
Series.dt.is_leap_year,Series,dt.is_leap_year,Datetime properties,,Series.dt.is_leap_year,
Series.dt.daysinmonth,Series,dt.daysinmonth,Datetime properties,,Series.dt.daysinmonth,
Series.dt.days_in_month,Series,dt.days_in_month,Datetime properties,,Series.dt.days_in_month,
Series.dt.tz,Series,dt.tz,Datetime properties,,Series.dt.tz,
Series.dt.freq,Series,dt.freq,Datetime properties,,Series.dt.freq,
Series.dt.unit,Series,dt.unit,Datetime properties,,Series.dt.unit,
Series.dt.isocalendar,Series,dt.isocalendar,Datetime methods,,Series.dt.isocalendar,
Series.dt.to_period,Series,dt.to_period,Datetime methods,,Series.dt.to_period,
Series.dt.to_pydatetime,Series,dt.to_pydatetime,Datetime methods,,Series.dt.to_pydatetime,
Series.dt.tz_localize,Series,dt.tz_localize,Datetime methods,,Series.dt.tz_localize,
Series.dt.tz_convert,Series,dt.tz_convert,Datetime methods,,Series.dt.tz_convert,
Series.dt.normalize,Series,dt.normalize,Datetime methods,,Series.dt.normalize,
Series.dt.strftime,Series,dt.strftime,Datetime methods,,Series.dt.strftime,
Series.dt.round,Series,dt.round,Datetime methods,,Series.dt.round,
Series.dt.floor,Series,dt.floor,Datetime methods,,Series.dt.floor,
Series.dt.ceil,Series,dt.ceil,Datetime methods,,Series.dt.ceil,
Series.dt.month_name,Series,dt.month_name,Datetime methods,,Series.dt.month_name,
Series.dt.day_name,Series,dt.day_name,Datetime methods,,Series.dt.day_name,
Series.dt.as_unit,Series,dt.as_unit,Datetime methods,,Series.dt.as_unit,
Series.dt.qyear,Series,dt.qyear,Period properties,,Series.dt.qyear,
Series.dt.start_time,Series,dt.start_time,Period properties,,Series.dt.start_time,
Series.dt.end_time,Series,dt.end_time,Period properties,,Series.dt.end_time,
Series.dt.days,Series,dt.days,Timedelta properties,,Series.dt.days,
Series.dt.seconds,Series,dt.seconds,Timedelta properties,,Series.dt.seconds,
Series.dt.microseconds,Series,dt.microseconds,Timedelta properties,,Series.dt.microseconds,
Series.dt.nanoseconds,Series,dt.nanoseconds,Timedelta properties,,Series.dt.nanoseconds,
Series.dt.components,Series,dt.components,Timedelta properties,,Series.dt.components,
Series.dt.unit,Series,dt.unit,Timedelta properties,,Series.dt.unit,
Series.dt.to_pytimedelta,Series,dt.to_pytimedelta,Timedelta methods,,Series.dt.to_pytimedelta,
Series.dt.total_seconds,Series,dt.total_seconds,Timedelta methods,,Series.dt.total_seconds,
Series.dt.as_unit,Series,dt.as_unit,Timedelta methods,,Series.dt.as_unit,
Series.str.capitalize,Series,str.capitalize,String handling,,Series.str.capitalize,
Series.str.casefold,Series,str.casefold,String handling,,Series.str.casefold,
Series.str.cat,Series,str.cat,String handling,,Series.str.cat,
Series.str.center,Series,str.center,String handling,,Series.str.center,
Series.str.contains,Series,str.contains,String handling,phase 2,Series.str.contains,
Series.str.count,Series,str.count,String handling,phase 2,Series.str.count,
Series.str.decode,Series,str.decode,String handling,,Series.str.decode,
Series.str.encode,Series,str.encode,String handling,,Series.str.encode,
Series.str.endswith,Series,str.endswith,String handling,phase 2,Series.str.endswith,
Series.str.extract,Series,str.extract,String handling,,Series.str.extract,
Series.str.extractall,Series,str.extractall,String handling,,Series.str.extractall,
Series.str.find,Series,str.find,String handling,,Series.str.find,
Series.str.findall,Series,str.findall,String handling,,Series.str.findall,
Series.str.fullmatch,Series,str.fullmatch,String handling,,Series.str.fullmatch,
Series.str.get,Series,str.get,String handling,,Series.str.get,
Series.str.index,Series,str.index,String handling,,Series.str.index,
Series.str.join,Series,str.join,String handling,,Series.str.join,
Series.str.len,Series,str.len,String handling,phase 2,Series.str.len,
Series.str.ljust,Series,str.ljust,String handling,,Series.str.ljust,
Series.str.lower,Series,str.lower,String handling,phase 2,Series.str.lower,
Series.str.lstrip,Series,str.lstrip,String handling,,Series.str.lstrip,
Series.str.match,Series,str.match,String handling,,Series.str.match,
Series.str.normalize,Series,str.normalize,String handling,,Series.str.normalize,
Series.str.pad,Series,str.pad,String handling,,Series.str.pad,
Series.str.partition,Series,str.partition,String handling,,Series.str.partition,
Series.str.removeprefix,Series,str.removeprefix,String handling,,Series.str.removeprefix,
Series.str.removesuffix,Series,str.removesuffix,String handling,,Series.str.removesuffix,
Series.str.repeat,Series,str.repeat,String handling,,Series.str.repeat,
Series.str.replace,Series,str.replace,String handling,phase 2,Series.str.replace,
Series.str.rfind,Series,str.rfind,String handling,,Series.str.rfind,
Series.str.rindex,Series,str.rindex,String handling,,Series.str.rindex,
Series.str.rjust,Series,str.rjust,String handling,,Series.str.rjust,
Series.str.rpartition,Series,str.rpartition,String handling,,Series.str.rpartition,
Series.str.rstrip,Series,str.rstrip,String handling,,Series.str.rstrip,
Series.str.slice,Series,str.slice,String handling,,Series.str.slice,
Series.str.slice_replace,Series,str.slice_replace,String handling,,Series.str.slice_replace,
Series.str.split,Series,str.split,String handling,phase 2,Series.str.split,
Series.str.rsplit,Series,str.rsplit,String handling,,Series.str.rsplit,
Series.str.startswith,Series,str.startswith,String handling,phase 2,Series.str.startswith,
Series.str.strip,Series,str.strip,String handling,phase 2,Series.str.strip,
Series.str.swapcase,Series,str.swapcase,String handling,,Series.str.swapcase,
Series.str.title,Series,str.title,String handling,,Series.str.title,
Series.str.translate,Series,str.translate,String handling,,Series.str.translate,
Series.str.upper,Series,str.upper,String handling,phase 2,Series.str.upper,
Series.str.wrap,Series,str.wrap,String handling,,Series.str.wrap,
Series.str.zfill,Series,str.zfill,String handling,,Series.str.zfill,
Series.str.isalnum,Series,str.isalnum,String handling,,Series.str.isalnum,
Series.str.isalpha,Series,str.isalpha,String handling,,Series.str.isalpha,
Series.str.isdigit,Series,str.isdigit,String handling,phase 2,Series.str.isdigit,
Series.str.isspace,Series,str.isspace,String handling,,Series.str.isspace,
Series.str.islower,Series,str.islower,String handling,phase 2,Series.str.islower,
Series.str.isupper,Series,str.isupper,String handling,phase 2,Series.str.isupper,
Series.str.istitle,Series,str.istitle,String handling,,Series.str.istitle,
Series.str.isnumeric,Series,str.isnumeric,String handling,,Series.str.isnumeric,
Series.str.isdecimal,Series,str.isdecimal,String handling,,Series.str.isdecimal,
Series.str.get_dummies,Series,str.get_dummies,String handling,,Series.str.get_dummies,
Series.cat.categories,Series,cat.categories,Categorical accessor,,Series.cat.categories,
Series.cat.ordered,Series,cat.ordered,Categorical accessor,,Series.cat.ordered,
Series.cat.codes,Series,cat.codes,Categorical accessor,,Series.cat.codes,
Series.cat.rename_categories,Series,cat.rename_categories,Categorical accessor,,Series.cat.rename_categories,
Series.cat.reorder_categories,Series,cat.reorder_categories,Categorical accessor,,Series.cat.reorder_categories,
Series.cat.add_categories,Series,cat.add_categories,Categorical accessor,,Series.cat.add_categories,
Series.cat.remove_categories,Series,cat.remove_categories,Categorical accessor,,Series.cat.remove_categories,
Series.cat.remove_unused_categories,Series,cat.remove_unused_categories,Categorical accessor,,Series.cat.remove_unused_categories,
Series.cat.set_categories,Series,cat.set_categories,Categorical accessor,,Series.cat.set_categories,
Series.cat.as_ordered,Series,cat.as_ordered,Categorical accessor,,Series.cat.as_ordered,
Series.cat.as_unordered,Series,cat.as_unordered,Categorical accessor,,Series.cat.as_unordered,
Series.sparse.npoints,Series,sparse.npoints,Sparse accessor,,Series.sparse.npoints,
Series.sparse.density,Series,sparse.density,Sparse accessor,,Series.sparse.density,
Series.sparse.fill_value,Series,sparse.fill_value,Sparse accessor,,Series.sparse.fill_value,
Series.sparse.sp_values,Series,sparse.sp_values,Sparse accessor,,Series.sparse.sp_values,
Series.sparse.from_coo,Series,sparse.from_coo,Sparse accessor,,Series.sparse.from_coo,
Series.sparse.to_coo,Series,sparse.to_coo,Sparse accessor,,Series.sparse.to_coo,
Series.attrs,Series,attrs,Metadata,,Series.attrs,
Series.plot,Series,plot,Plotting,,Series.plot,
Series.plot.area,Series,plot.area,Plotting,,Series.plot.area,
Series.plot.bar,Series,plot.bar,Plotting,,Series.plot.bar,
Series.plot.barh,Series,plot.barh,Plotting,,Series.plot.barh,
Series.plot.box,Series,plot.box,Plotting,,Series.plot.box,
Series.plot.density,Series,plot.density,Plotting,,Series.plot.density,
Series.plot.hist,Series,plot.hist,Plotting,,Series.plot.hist,
Series.plot.kde,Series,plot.kde,Plotting,,Series.plot.kde,
Series.plot.line,Series,plot.line,Plotting,,Series.plot.line,
Series.plot.pie,Series,plot.pie,Plotting,,Series.plot.pie,
Series.hist,Series,hist,Plotting,,Series.hist,
Series.to_pickle,Series,to_pickle,Serialization / IO / conversion,,Series.to_pickle,
Series.to_csv,Series,to_csv,Serialization / IO / conversion,,Series.to_csv,
Series.to_dict,Series,to_dict,Serialization / IO / conversion,phase 2,Series.to_dict,
Series.to_excel,Series,to_excel,Serialization / IO / conversion,,Series.to_excel,
Series.to_frame,Series,to_frame,Serialization / IO / conversion,,Series.to_frame,
Series.to_xarray,Series,to_xarray,Serialization / IO / conversion,,Series.to_xarray,
Series.to_hdf,Series,to_hdf,Serialization / IO / conversion,,Series.to_hdf,
Series.to_sql,Series,to_sql,Serialization / IO / conversion,,Series.to_sql,
Series.to_json,Series,to_json,Serialization / IO / conversion,,Series.to_json,
Series.to_string,Series,to_string,Serialization / IO / conversion,,Series.to_string,
Series.to_clipboard,Series,to_clipboard,Serialization / IO / conversion,,Series.to_clipboard,
Series.to_latex,Series,to_latex,Serialization / IO / conversion,,Series.to_latex,
Series.to_markdown,Series,to_markdown,Serialization / IO / conversion,,Series.to_markdown,
Index.values,Index,values,Properties,,Index.values,
Index.is_monotonic_increasing,Index,is_monotonic_increasing,Properties,,Index.is_monotonic_increasing,
Index.is_monotonic_decreasing,Index,is_monotonic_decreasing,Properties,,Index.is_monotonic_decreasing,
Index.is_unique,Index,is_unique,Properties,,Index.is_unique,
Index.has_duplicates,Index,has_duplicates,Properties,,Index.has_duplicates,
Index.hasnans,Index,hasnans,Properties,,Index.hasnans,
Index.dtype,Index,dtype,Properties,,Index.dtype,
Index.inferred_type,Index,inferred_type,Properties,,Index.inferred_type,
Index.shape,Index,shape,Properties,,Index.shape,
Index.name,Index,name,Properties,,Index.name,
Index.names,Index,names,Properties,,Index.names,
Index.nbytes,Index,nbytes,Properties,,Index.nbytes,
Index.ndim,Index,ndim,Properties,,Index.ndim,
Index.size,Index,size,Properties,,Index.size,
Index.empty,Index,empty,Properties,,Index.empty,
Index.T,Index,T,Properties,,Index.T,
Index.memory_usage,Index,memory_usage,Properties,,Index.memory_usage,
Index.all,Index,all,Modifying and computations,,Index.all,
Index.any,Index,any,Modifying and computations,,Index.any,
Index.argmin,Index,argmin,Modifying and computations,,Index.argmin,
Index.argmax,Index,argmax,Modifying and computations,,Index.argmax,
Index.copy,Index,copy,Modifying and computations,,Index.copy,
Index.delete,Index,delete,Modifying and computations,,Index.delete,
Index.drop,Index,drop,Modifying and computations,,Index.drop,
Index.drop_duplicates,Index,drop_duplicates,Modifying and computations,,Index.drop_duplicates,
Index.duplicated,Index,duplicated,Modifying and computations,,Index.duplicated,
Index.equals,Index,equals,Modifying and computations,,Index.equals,
Index.factorize,Index,factorize,Modifying and computations,,Index.factorize,
Index.identical,Index,identical,Modifying and computations,,Index.identical,
Index.insert,Index,insert,Modifying and computations,,Index.insert,
Index.is_,Index,is_,Modifying and computations,,Index.is_,
Index.is_boolean,Index,is_boolean,Modifying and computations,,Index.is_boolean,
Index.is_categorical,Index,is_categorical,Modifying and computations,,Index.is_categorical,
Index.is_floating,Index,is_floating,Modifying and computations,,Index.is_floating,
Index.is_integer,Index,is_integer,Modifying and computations,,Index.is_integer,
Index.is_interval,Index,is_interval,Modifying and computations,,Index.is_interval,
Index.is_numeric,Index,is_numeric,Modifying and computations,,Index.is_numeric,
Index.is_object,Index,is_object,Modifying and computations,,Index.is_object,
Index.min,Index,min,Modifying and computations,,Index.min,
Index.max,Index,max,Modifying and computations,,Index.max,
Index.reindex,Index,reindex,Modifying and computations,,Index.reindex,
Index.rename,Index,rename,Modifying and computations,,Index.rename,
Index.repeat,Index,repeat,Modifying and computations,,Index.repeat,
Index.where,Index,where,Modifying and computations,,Index.where,
Index.take,Index,take,Modifying and computations,,Index.take,
Index.putmask,Index,putmask,Modifying and computations,,Index.putmask,
Index.unique,Index,unique,Modifying and computations,,Index.unique,
Index.nunique,Index,nunique,Modifying and computations,,Index.nunique,
Index.value_counts,Index,value_counts,Modifying and computations,,Index.value_counts,
Index.set_names,Index,set_names,Compatibility with MultiIndex,,Index.set_names,
Index.droplevel,Index,droplevel,Compatibility with MultiIndex,,Index.droplevel,
Index.fillna,Index,fillna,Missing values,,Index.fillna,
Index.dropna,Index,dropna,Missing values,,Index.dropna,
Index.isna,Index,isna,Missing values,,Index.isna,
Index.notna,Index,notna,Missing values,,Index.notna,
Index.astype,Index,astype,Conversion,,Index.astype,
Index.item,Index,item,Conversion,,Index.item,
Index.map,Index,map,Conversion,,Index.map,
Index.ravel,Index,ravel,Conversion,,Index.ravel,
Index.to_list,Index,to_list,Conversion,,Index.to_list,
Index.to_series,Index,to_series,Conversion,,Index.to_series,
Index.to_frame,Index,to_frame,Conversion,,Index.to_frame,
Index.view,Index,view,Conversion,,Index.view,
Index.argsort,Index,argsort,Sorting,,Index.argsort,
Index.searchsorted,Index,searchsorted,Sorting,,Index.searchsorted,
Index.sort_values,Index,sort_values,Sorting,,Index.sort_values,
Index.shift,Index,shift,Time-specific operations,,Index.shift,
Index.append,Index,append,Combining / joining / set operations,,Index.append,
Index.join,Index,join,Combining / joining / set operations,,Index.join,
Index.intersection,Index,intersection,Combining / joining / set operations,,Index.intersection,
Index.union,Index,union,Combining / joining / set operations,,Index.union,
Index.difference,Index,difference,Combining / joining / set operations,,Index.difference,
Index.symmetric_difference,Index,symmetric_difference,Combining / joining / set operations,,Index.symmetric_difference,
Index.asof,Index,asof,Selecting,,Index.asof,
Index.asof_locs,Index,asof_locs,Selecting,,Index.asof_locs,
Index.get_indexer,Index,get_indexer,Selecting,,Index.get_indexer,
Index.get_indexer_for,Index,get_indexer_for,Selecting,,Index.get_indexer_for,
Index.get_indexer_non_unique,Index,get_indexer_non_unique,Selecting,,Index.get_indexer_non_unique,
Index.get_level_values,Index,get_level_values,Selecting,,Index.get_level_values,
Index.get_loc,Index,get_loc,Selecting,,Index.get_loc,
Index.get_slice_bound,Index,get_slice_bound,Selecting,,Index.get_slice_bound,
Index.isin,Index,isin,Selecting,,Index.isin,
Index.slice_indexer,Index,slice_indexer,Selecting,,Index.slice_indexer,
Index.slice_locs,Index,slice_locs,Selecting,,Index.slice_locs,
RangeIndex.start,RangeIndex,start,Numeric Index,,RangeIndex.start,
RangeIndex.stop,RangeIndex,stop,Numeric Index,,RangeIndex.stop,
RangeIndex.step,RangeIndex,step,Numeric Index,,RangeIndex.step,
RangeIndex.from_range,RangeIndex,from_range,Numeric Index,,RangeIndex.from_range,
CategoricalIndex.codes,CategoricalIndex,codes,Categorical components,,CategoricalIndex.codes,
CategoricalIndex.categories,CategoricalIndex,categories,Categorical components,,CategoricalIndex.categories,
CategoricalIndex.ordered,CategoricalIndex,ordered,Categorical components,,CategoricalIndex.ordered,
CategoricalIndex.rename_categories,CategoricalIndex,rename_categories,Categorical components,,CategoricalIndex.rename_categories,
CategoricalIndex.reorder_categories,CategoricalIndex,reorder_categories,Categorical components,,CategoricalIndex.reorder_categories,
CategoricalIndex.add_categories,CategoricalIndex,add_categories,Categorical components,,CategoricalIndex.add_categories,
CategoricalIndex.remove_categories,CategoricalIndex,remove_categories,Categorical components,,CategoricalIndex.remove_categories,
CategoricalIndex.remove_unused_categories,CategoricalIndex,remove_unused_categories,Categorical components,,CategoricalIndex.remove_unused_categories,
CategoricalIndex.set_categories,CategoricalIndex,set_categories,Categorical components,,CategoricalIndex.set_categories,
CategoricalIndex.as_ordered,CategoricalIndex,as_ordered,Categorical components,,CategoricalIndex.as_ordered,
CategoricalIndex.as_unordered,CategoricalIndex,as_unordered,Categorical components,,CategoricalIndex.as_unordered,
CategoricalIndex.map,CategoricalIndex,map,Modifying and computations,,CategoricalIndex.map,
CategoricalIndex.equals,CategoricalIndex,equals,Modifying and computations,,CategoricalIndex.equals,
IntervalIndex.from_arrays,IntervalIndex,from_arrays,IntervalIndex components,,IntervalIndex.from_arrays,
IntervalIndex.from_tuples,IntervalIndex,from_tuples,IntervalIndex components,,IntervalIndex.from_tuples,
IntervalIndex.from_breaks,IntervalIndex,from_breaks,IntervalIndex components,,IntervalIndex.from_breaks,
IntervalIndex.left,IntervalIndex,left,IntervalIndex components,,IntervalIndex.left,
IntervalIndex.right,IntervalIndex,right,IntervalIndex components,,IntervalIndex.right,
IntervalIndex.mid,IntervalIndex,mid,IntervalIndex components,,IntervalIndex.mid,
IntervalIndex.closed,IntervalIndex,closed,IntervalIndex components,,IntervalIndex.closed,
IntervalIndex.length,IntervalIndex,length,IntervalIndex components,,IntervalIndex.length,
IntervalIndex.values,IntervalIndex,values,IntervalIndex components,,IntervalIndex.values,
IntervalIndex.is_empty,IntervalIndex,is_empty,IntervalIndex components,,IntervalIndex.is_empty,
IntervalIndex.is_non_overlapping_monotonic,IntervalIndex,is_non_overlapping_monotonic,IntervalIndex components,,IntervalIndex.is_non_overlapping_monotonic,
IntervalIndex.is_overlapping,IntervalIndex,is_overlapping,IntervalIndex components,,IntervalIndex.is_overlapping,
IntervalIndex.get_loc,IntervalIndex,get_loc,IntervalIndex components,,IntervalIndex.get_loc,
IntervalIndex.get_indexer,IntervalIndex,get_indexer,IntervalIndex components,,IntervalIndex.get_indexer,
IntervalIndex.set_closed,IntervalIndex,set_closed,IntervalIndex components,,IntervalIndex.set_closed,
IntervalIndex.contains,IntervalIndex,contains,IntervalIndex components,,IntervalIndex.contains,
IntervalIndex.overlaps,IntervalIndex,overlaps,IntervalIndex components,,IntervalIndex.overlaps,
IntervalIndex.to_tuples,IntervalIndex,to_tuples,IntervalIndex components,,IntervalIndex.to_tuples,
MultiIndex.from_arrays,MultiIndex,from_arrays,MultiIndex constructors,,MultiIndex.from_arrays,
MultiIndex.from_tuples,MultiIndex,from_tuples,MultiIndex constructors,,MultiIndex.from_tuples,
MultiIndex.from_product,MultiIndex,from_product,MultiIndex constructors,,MultiIndex.from_product,
MultiIndex.from_frame,MultiIndex,from_frame,MultiIndex constructors,,MultiIndex.from_frame,
MultiIndex.names,MultiIndex,names,MultiIndex properties,,MultiIndex.names,
MultiIndex.levels,MultiIndex,levels,MultiIndex properties,,MultiIndex.levels,
MultiIndex.codes,MultiIndex,codes,MultiIndex properties,,MultiIndex.codes,
MultiIndex.nlevels,MultiIndex,nlevels,MultiIndex properties,,MultiIndex.nlevels,
MultiIndex.levshape,MultiIndex,levshape,MultiIndex properties,,MultiIndex.levshape,
MultiIndex.dtypes,MultiIndex,dtypes,MultiIndex properties,,MultiIndex.dtypes,
MultiIndex.set_levels,MultiIndex,set_levels,MultiIndex components,,MultiIndex.set_levels,
MultiIndex.set_codes,MultiIndex,set_codes,MultiIndex components,,MultiIndex.set_codes,
MultiIndex.to_flat_index,MultiIndex,to_flat_index,MultiIndex components,,MultiIndex.to_flat_index,
MultiIndex.to_frame,MultiIndex,to_frame,MultiIndex components,,MultiIndex.to_frame,
MultiIndex.sortlevel,MultiIndex,sortlevel,MultiIndex components,,MultiIndex.sortlevel,
MultiIndex.droplevel,MultiIndex,droplevel,MultiIndex components,,MultiIndex.droplevel,
MultiIndex.swaplevel,MultiIndex,swaplevel,MultiIndex components,,MultiIndex.swaplevel,
MultiIndex.reorder_levels,MultiIndex,reorder_levels,MultiIndex components,,MultiIndex.reorder_levels,
MultiIndex.remove_unused_levels,MultiIndex,remove_unused_levels,MultiIndex components,,MultiIndex.remove_unused_levels,
MultiIndex.drop,MultiIndex,drop,MultiIndex components,,MultiIndex.drop,
MultiIndex.copy,MultiIndex,copy,MultiIndex components,,MultiIndex.copy,
MultiIndex.append,MultiIndex,append,MultiIndex components,,MultiIndex.append,
MultiIndex.truncate,MultiIndex,truncate,MultiIndex components,,MultiIndex.truncate,
MultiIndex.get_loc,MultiIndex,get_loc,MultiIndex selecting,,MultiIndex.get_loc,
MultiIndex.get_locs,MultiIndex,get_locs,MultiIndex selecting,,MultiIndex.get_locs,
MultiIndex.get_loc_level,MultiIndex,get_loc_level,MultiIndex selecting,,MultiIndex.get_loc_level,
MultiIndex.get_indexer,MultiIndex,get_indexer,MultiIndex selecting,,MultiIndex.get_indexer,
MultiIndex.get_level_values,MultiIndex,get_level_values,MultiIndex selecting,,MultiIndex.get_level_values,
DatetimeIndex.year,DatetimeIndex,year,Time/date components,,DatetimeIndex.year,
DatetimeIndex.month,DatetimeIndex,month,Time/date components,,DatetimeIndex.month,
DatetimeIndex.day,DatetimeIndex,day,Time/date components,,DatetimeIndex.day,
DatetimeIndex.hour,DatetimeIndex,hour,Time/date components,,DatetimeIndex.hour,
DatetimeIndex.minute,DatetimeIndex,minute,Time/date components,,DatetimeIndex.minute,
DatetimeIndex.second,DatetimeIndex,second,Time/date components,,DatetimeIndex.second,
DatetimeIndex.microsecond,DatetimeIndex,microsecond,Time/date components,,DatetimeIndex.microsecond,
DatetimeIndex.nanosecond,DatetimeIndex,nanosecond,Time/date components,,DatetimeIndex.nanosecond,
DatetimeIndex.date,DatetimeIndex,date,Time/date components,,DatetimeIndex.date,
DatetimeIndex.time,DatetimeIndex,time,Time/date components,,DatetimeIndex.time,
DatetimeIndex.timetz,DatetimeIndex,timetz,Time/date components,,DatetimeIndex.timetz,
DatetimeIndex.dayofyear,DatetimeIndex,dayofyear,Time/date components,,DatetimeIndex.dayofyear,
DatetimeIndex.day_of_year,DatetimeIndex,day_of_year,Time/date components,,DatetimeIndex.day_of_year,
DatetimeIndex.dayofweek,DatetimeIndex,dayofweek,Time/date components,,DatetimeIndex.dayofweek,
DatetimeIndex.day_of_week,DatetimeIndex,day_of_week,Time/date components,,DatetimeIndex.day_of_week,
DatetimeIndex.weekday,DatetimeIndex,weekday,Time/date components,,DatetimeIndex.weekday,
DatetimeIndex.quarter,DatetimeIndex,quarter,Time/date components,,DatetimeIndex.quarter,
DatetimeIndex.tz,DatetimeIndex,tz,Time/date components,,DatetimeIndex.tz,
DatetimeIndex.freq,DatetimeIndex,freq,Time/date components,,DatetimeIndex.freq,
DatetimeIndex.freqstr,DatetimeIndex,freqstr,Time/date components,,DatetimeIndex.freqstr,
DatetimeIndex.is_month_start,DatetimeIndex,is_month_start,Time/date components,,DatetimeIndex.is_month_start,
DatetimeIndex.is_month_end,DatetimeIndex,is_month_end,Time/date components,,DatetimeIndex.is_month_end,
DatetimeIndex.is_quarter_start,DatetimeIndex,is_quarter_start,Time/date components,,DatetimeIndex.is_quarter_start,
DatetimeIndex.is_quarter_end,DatetimeIndex,is_quarter_end,Time/date components,,DatetimeIndex.is_quarter_end,
DatetimeIndex.is_year_start,DatetimeIndex,is_year_start,Time/date components,,DatetimeIndex.is_year_start,
DatetimeIndex.is_year_end,DatetimeIndex,is_year_end,Time/date components,,DatetimeIndex.is_year_end,
DatetimeIndex.is_leap_year,DatetimeIndex,is_leap_year,Time/date components,,DatetimeIndex.is_leap_year,
DatetimeIndex.inferred_freq,DatetimeIndex,inferred_freq,Time/date components,,DatetimeIndex.inferred_freq,
DatetimeIndex.indexer_at_time,DatetimeIndex,indexer_at_time,Selecting,,DatetimeIndex.indexer_at_time,
DatetimeIndex.indexer_between_time,DatetimeIndex,indexer_between_time,Selecting,,DatetimeIndex.indexer_between_time,
DatetimeIndex.normalize,DatetimeIndex,normalize,Time-specific operations,,DatetimeIndex.normalize,
DatetimeIndex.strftime,DatetimeIndex,strftime,Time-specific operations,,DatetimeIndex.strftime,
DatetimeIndex.snap,DatetimeIndex,snap,Time-specific operations,,DatetimeIndex.snap,
DatetimeIndex.tz_convert,DatetimeIndex,tz_convert,Time-specific operations,,DatetimeIndex.tz_convert,
DatetimeIndex.tz_localize,DatetimeIndex,tz_localize,Time-specific operations,,DatetimeIndex.tz_localize,
DatetimeIndex.round,DatetimeIndex,round,Time-specific operations,,DatetimeIndex.round,
DatetimeIndex.floor,DatetimeIndex,floor,Time-specific operations,,DatetimeIndex.floor,
DatetimeIndex.ceil,DatetimeIndex,ceil,Time-specific operations,,DatetimeIndex.ceil,
DatetimeIndex.month_name,DatetimeIndex,month_name,Time-specific operations,,DatetimeIndex.month_name,
DatetimeIndex.day_name,DatetimeIndex,day_name,Time-specific operations,,DatetimeIndex.day_name,
DatetimeIndex.as_unit,DatetimeIndex,as_unit,Conversion,,DatetimeIndex.as_unit,
DatetimeIndex.to_period,DatetimeIndex,to_period,Conversion,,DatetimeIndex.to_period,
DatetimeIndex.to_pydatetime,DatetimeIndex,to_pydatetime,Conversion,,DatetimeIndex.to_pydatetime,
DatetimeIndex.to_series,DatetimeIndex,to_series,Conversion,,DatetimeIndex.to_series,
DatetimeIndex.to_frame,DatetimeIndex,to_frame,Conversion,,DatetimeIndex.to_frame,
DatetimeIndex.mean,DatetimeIndex,mean,Methods,,DatetimeIndex.mean,
DatetimeIndex.std,DatetimeIndex,std,Methods,,DatetimeIndex.std,
TimedeltaIndex.days,TimedeltaIndex,days,Components,,TimedeltaIndex.days,
TimedeltaIndex.seconds,TimedeltaIndex,seconds,Components,,TimedeltaIndex.seconds,
TimedeltaIndex.microseconds,TimedeltaIndex,microseconds,Components,,TimedeltaIndex.microseconds,
TimedeltaIndex.nanoseconds,TimedeltaIndex,nanoseconds,Components,,TimedeltaIndex.nanoseconds,
TimedeltaIndex.components,TimedeltaIndex,components,Components,,TimedeltaIndex.components,
TimedeltaIndex.inferred_freq,TimedeltaIndex,inferred_freq,Components,,TimedeltaIndex.inferred_freq,
TimedeltaIndex.as_unit,TimedeltaIndex,as_unit,Conversion,,TimedeltaIndex.as_unit,
TimedeltaIndex.to_pytimedelta,TimedeltaIndex,to_pytimedelta,Conversion,,TimedeltaIndex.to_pytimedelta,
TimedeltaIndex.to_series,TimedeltaIndex,to_series,Conversion,,TimedeltaIndex.to_series,
TimedeltaIndex.round,TimedeltaIndex,round,Conversion,,TimedeltaIndex.round,
TimedeltaIndex.floor,TimedeltaIndex,floor,Conversion,,TimedeltaIndex.floor,
TimedeltaIndex.ceil,TimedeltaIndex,ceil,Conversion,,TimedeltaIndex.ceil,
TimedeltaIndex.to_frame,TimedeltaIndex,to_frame,Conversion,,TimedeltaIndex.to_frame,
TimedeltaIndex.mean,TimedeltaIndex,mean,Methods,,TimedeltaIndex.mean,
PeriodIndex.day,PeriodIndex,day,Properties,,PeriodIndex.day,
PeriodIndex.dayofweek,PeriodIndex,dayofweek,Properties,,PeriodIndex.dayofweek,
PeriodIndex.day_of_week,PeriodIndex,day_of_week,Properties,,PeriodIndex.day_of_week,
PeriodIndex.dayofyear,PeriodIndex,dayofyear,Properties,,PeriodIndex.dayofyear,
PeriodIndex.day_of_year,PeriodIndex,day_of_year,Properties,,PeriodIndex.day_of_year,
PeriodIndex.days_in_month,PeriodIndex,days_in_month,Properties,,PeriodIndex.days_in_month,
PeriodIndex.daysinmonth,PeriodIndex,daysinmonth,Properties,,PeriodIndex.daysinmonth,
PeriodIndex.end_time,PeriodIndex,end_time,Properties,,PeriodIndex.end_time,
PeriodIndex.freq,PeriodIndex,freq,Properties,,PeriodIndex.freq,
PeriodIndex.freqstr,PeriodIndex,freqstr,Properties,,PeriodIndex.freqstr,
PeriodIndex.hour,PeriodIndex,hour,Properties,,PeriodIndex.hour,
PeriodIndex.is_leap_year,PeriodIndex,is_leap_year,Properties,,PeriodIndex.is_leap_year,
PeriodIndex.minute,PeriodIndex,minute,Properties,,PeriodIndex.minute,
PeriodIndex.month,PeriodIndex,month,Properties,,PeriodIndex.month,
PeriodIndex.quarter,PeriodIndex,quarter,Properties,,PeriodIndex.quarter,
PeriodIndex.qyear,PeriodIndex,qyear,Properties,,PeriodIndex.qyear,
PeriodIndex.second,PeriodIndex,second,Properties,,PeriodIndex.second,
PeriodIndex.start_time,PeriodIndex,start_time,Properties,,PeriodIndex.start_time,
PeriodIndex.week,PeriodIndex,week,Properties,,PeriodIndex.week,
PeriodIndex.weekday,PeriodIndex,weekday,Properties,,PeriodIndex.weekday,
PeriodIndex.weekofyear,PeriodIndex,weekofyear,Properties,,PeriodIndex.weekofyear,
PeriodIndex.year,PeriodIndex,year,Properties,,PeriodIndex.year,
PeriodIndex.asfreq,PeriodIndex,asfreq,Methods,,PeriodIndex.asfreq,
PeriodIndex.strftime,PeriodIndex,strftime,Methods,,PeriodIndex.strftime,
PeriodIndex.to_timestamp,PeriodIndex,to_timestamp,Methods,,PeriodIndex.to_timestamp,
Rolling.count,Rolling,count,Rolling window functions,,Rolling.count,
Rolling.sum,Rolling,sum,Rolling window functions,phase 2,Rolling.sum,
Rolling.mean,Rolling,mean,Rolling window functions,phase 2,Rolling.mean,
Rolling.median,Rolling,median,Rolling window functions,,Rolling.median,
Rolling.var,Rolling,var,Rolling window functions,phase 2,Rolling.var,
Rolling.std,Rolling,std,Rolling window functions,phase 2,Rolling.std,
Rolling.min,Rolling,min,Rolling window functions,phase 2,Rolling.min,
Rolling.max,Rolling,max,Rolling window functions,phase 2,Rolling.max,
Rolling.corr,Rolling,corr,Rolling window functions,,Rolling.corr,
Rolling.cov,Rolling,cov,Rolling window functions,,Rolling.cov,
Rolling.skew,Rolling,skew,Rolling window functions,,Rolling.skew,
Rolling.kurt,Rolling,kurt,Rolling window functions,,Rolling.kurt,
Rolling.apply,Rolling,apply,Rolling window functions,,Rolling.apply,
Rolling.aggregate,Rolling,aggregate,Rolling window functions,,Rolling.aggregate,
Rolling.quantile,Rolling,quantile,Rolling window functions,,Rolling.quantile,
Rolling.sem,Rolling,sem,Rolling window functions,,Rolling.sem,
Rolling.rank,Rolling,rank,Rolling window functions,,Rolling.rank,
Window.mean,Window,mean,Weighted window functions,,Window.mean,
Window.sum,Window,sum,Weighted window functions,,Window.sum,
Window.var,Window,var,Weighted window functions,,Window.var,
Window.std,Window,std,Weighted window functions,,Window.std,
Expanding.count,Expanding,count,Expanding window functions,,Expanding.count,
Expanding.sum,Expanding,sum,Expanding window functions,,Expanding.sum,
Expanding.mean,Expanding,mean,Expanding window functions,,Expanding.mean,
Expanding.median,Expanding,median,Expanding window functions,,Expanding.median,
Expanding.var,Expanding,var,Expanding window functions,,Expanding.var,
Expanding.std,Expanding,std,Expanding window functions,,Expanding.std,
Expanding.min,Expanding,min,Expanding window functions,,Expanding.min,
Expanding.max,Expanding,max,Expanding window functions,,Expanding.max,
Expanding.corr,Expanding,corr,Expanding window functions,,Expanding.corr,
Expanding.cov,Expanding,cov,Expanding window functions,,Expanding.cov,
Expanding.skew,Expanding,skew,Expanding window functions,,Expanding.skew,
Expanding.kurt,Expanding,kurt,Expanding window functions,,Expanding.kurt,
Expanding.apply,Expanding,apply,Expanding window functions,,Expanding.apply,
Expanding.aggregate,Expanding,aggregate,Expanding window functions,,Expanding.aggregate,
Expanding.quantile,Expanding,quantile,Expanding window functions,,Expanding.quantile,
Expanding.sem,Expanding,sem,Expanding window functions,,Expanding.sem,
Expanding.rank,Expanding,rank,Expanding window functions,,Expanding.rank,
ExponentialMovingWindow.mean,ExponentialMovingWindow,mean,Exponentially-weighted window functions,,ExponentialMovingWindow.mean,
ExponentialMovingWindow.sum,ExponentialMovingWindow,sum,Exponentially-weighted window functions,,ExponentialMovingWindow.sum,
ExponentialMovingWindow.std,ExponentialMovingWindow,std,Exponentially-weighted window functions,,ExponentialMovingWindow.std,
ExponentialMovingWindow.var,ExponentialMovingWindow,var,Exponentially-weighted window functions,,ExponentialMovingWindow.var,
ExponentialMovingWindow.corr,ExponentialMovingWindow,corr,Exponentially-weighted window functions,,ExponentialMovingWindow.corr,
ExponentialMovingWindow.cov,ExponentialMovingWindow,cov,Exponentially-weighted window functions,,ExponentialMovingWindow.cov,
api.indexers.BaseIndexer,api,indexers.BaseIndexer,Window indexer,,api.indexers.BaseIndexer,
api.indexers.FixedForwardWindowIndexer,api,indexers.FixedForwardWindowIndexer,Window indexer,,api.indexers.FixedForwardWindowIndexer,
api.indexers.VariableOffsetWindowIndexer,api,indexers.VariableOffsetWindowIndexer,Window indexer,,api.indexers.VariableOffsetWindowIndexer,
DataFrameGroupBy.__iter__,DataFrameGroupBy,__iter__,"Indexing, iteration",,DataFrameGroupBy.__iter__,
SeriesGroupBy.__iter__,SeriesGroupBy,__iter__,"Indexing, iteration",,SeriesGroupBy.__iter__,
DataFrameGroupBy.groups,DataFrameGroupBy,groups,"Indexing, iteration",,DataFrameGroupBy.groups,
SeriesGroupBy.groups,SeriesGroupBy,groups,"Indexing, iteration",,SeriesGroupBy.groups,
DataFrameGroupBy.indices,DataFrameGroupBy,indices,"Indexing, iteration",,DataFrameGroupBy.indices,
SeriesGroupBy.indices,SeriesGroupBy,indices,"Indexing, iteration",,SeriesGroupBy.indices,
DataFrameGroupBy.get_group,DataFrameGroupBy,get_group,"Indexing, iteration",,DataFrameGroupBy.get_group,
SeriesGroupBy.get_group,SeriesGroupBy,get_group,"Indexing, iteration",,SeriesGroupBy.get_group,
SeriesGroupBy.apply,SeriesGroupBy,apply,Function application,phase 2,SeriesGroupBy.apply,
DataFrameGroupBy.apply,DataFrameGroupBy,apply,Function application,phase 2,DataFrameGroupBy.apply,
SeriesGroupBy.agg,SeriesGroupBy,agg,Function application,,SeriesGroupBy.agg,
DataFrameGroupBy.agg,DataFrameGroupBy,agg,Function application,,DataFrameGroupBy.agg,
SeriesGroupBy.aggregate,SeriesGroupBy,aggregate,Function application,,SeriesGroupBy.aggregate,
DataFrameGroupBy.aggregate,DataFrameGroupBy,aggregate,Function application,,DataFrameGroupBy.aggregate,
SeriesGroupBy.transform,SeriesGroupBy,transform,Function application,phase 2,SeriesGroupBy.transform,
DataFrameGroupBy.transform,DataFrameGroupBy,transform,Function application,phase 2,DataFrameGroupBy.transform,
SeriesGroupBy.pipe,SeriesGroupBy,pipe,Function application,,SeriesGroupBy.pipe,
DataFrameGroupBy.pipe,DataFrameGroupBy,pipe,Function application,,DataFrameGroupBy.pipe,
DataFrameGroupBy.filter,DataFrameGroupBy,filter,Function application,,DataFrameGroupBy.filter,
SeriesGroupBy.filter,SeriesGroupBy,filter,Function application,,SeriesGroupBy.filter,
DataFrameGroupBy.all,DataFrameGroupBy,all,``DataFrameGroupBy`` computations / descriptive stats,,DataFrameGroupBy.all,
DataFrameGroupBy.any,DataFrameGroupBy,any,``DataFrameGroupBy`` computations / descriptive stats,,DataFrameGroupBy.any,
DataFrameGroupBy.bfill,DataFrameGroupBy,bfill,``DataFrameGroupBy`` computations / descriptive stats,,DataFrameGroupBy.bfill,
DataFrameGroupBy.corr,DataFrameGroupBy,corr,``DataFrameGroupBy`` computations / descriptive stats,,DataFrameGroupBy.corr,
DataFrameGroupBy.corrwith,DataFrameGroupBy,corrwith,``DataFrameGroupBy`` computations / descriptive stats,,DataFrameGroupBy.corrwith,
DataFrameGroupBy.count,DataFrameGroupBy,count,``DataFrameGroupBy`` computations / descriptive stats,,DataFrameGroupBy.count,
DataFrameGroupBy.cov,DataFrameGroupBy,cov,``DataFrameGroupBy`` computations / descriptive stats,,DataFrameGroupBy.cov,
DataFrameGroupBy.cumcount,DataFrameGroupBy,cumcount,``DataFrameGroupBy`` computations / descriptive stats,phase 2,DataFrameGroupBy.cumcount,
DataFrameGroupBy.cummax,DataFrameGroupBy,cummax,``DataFrameGroupBy`` computations / descriptive stats,phase 2,DataFrameGroupBy.cummax,
DataFrameGroupBy.cummin,DataFrameGroupBy,cummin,``DataFrameGroupBy`` computations / descriptive stats,phase 2,DataFrameGroupBy.cummin,
DataFrameGroupBy.cumprod,DataFrameGroupBy,cumprod,``DataFrameGroupBy`` computations / descriptive stats,,DataFrameGroupBy.cumprod,
DataFrameGroupBy.cumsum,DataFrameGroupBy,cumsum,``DataFrameGroupBy`` computations / descriptive stats,phase 2,DataFrameGroupBy.cumsum,
DataFrameGroupBy.describe,DataFrameGroupBy,describe,``DataFrameGroupBy`` computations / descriptive stats,,DataFrameGroupBy.describe,
DataFrameGroupBy.diff,DataFrameGroupBy,diff,``DataFrameGroupBy`` computations / descriptive stats,,DataFrameGroupBy.diff,
DataFrameGroupBy.ffill,DataFrameGroupBy,ffill,``DataFrameGroupBy`` computations / descriptive stats,,DataFrameGroupBy.ffill,
DataFrameGroupBy.fillna,DataFrameGroupBy,fillna,``DataFrameGroupBy`` computations / descriptive stats,,DataFrameGroupBy.fillna,
DataFrameGroupBy.first,DataFrameGroupBy,first,``DataFrameGroupBy`` computations / descriptive stats,,DataFrameGroupBy.first,
DataFrameGroupBy.head,DataFrameGroupBy,head,``DataFrameGroupBy`` computations / descriptive stats,phase 2,DataFrameGroupBy.head,
DataFrameGroupBy.idxmax,DataFrameGroupBy,idxmax,``DataFrameGroupBy`` computations / descriptive stats,phase 2,DataFrameGroupBy.idxmax,
DataFrameGroupBy.idxmin,DataFrameGroupBy,idxmin,``DataFrameGroupBy`` computations / descriptive stats,phase 2,DataFrameGroupBy.idxmin,
DataFrameGroupBy.last,DataFrameGroupBy,last,``DataFrameGroupBy`` computations / descriptive stats,,DataFrameGroupBy.last,
DataFrameGroupBy.max,DataFrameGroupBy,max,``DataFrameGroupBy`` computations / descriptive stats,,DataFrameGroupBy.max,
DataFrameGroupBy.mean,DataFrameGroupBy,mean,``DataFrameGroupBy`` computations / descriptive stats,,DataFrameGroupBy.mean,
DataFrameGroupBy.median,DataFrameGroupBy,median,``DataFrameGroupBy`` computations / descriptive stats,,DataFrameGroupBy.median,
DataFrameGroupBy.min,DataFrameGroupBy,min,``DataFrameGroupBy`` computations / descriptive stats,,DataFrameGroupBy.min,
DataFrameGroupBy.ngroup,DataFrameGroupBy,ngroup,``DataFrameGroupBy`` computations / descriptive stats,,DataFrameGroupBy.ngroup,
DataFrameGroupBy.nth,DataFrameGroupBy,nth,``DataFrameGroupBy`` computations / descriptive stats,,DataFrameGroupBy.nth,
DataFrameGroupBy.nunique,DataFrameGroupBy,nunique,``DataFrameGroupBy`` computations / descriptive stats,,DataFrameGroupBy.nunique,
DataFrameGroupBy.ohlc,DataFrameGroupBy,ohlc,``DataFrameGroupBy`` computations / descriptive stats,,DataFrameGroupBy.ohlc,
DataFrameGroupBy.pct_change,DataFrameGroupBy,pct_change,``DataFrameGroupBy`` computations / descriptive stats,,DataFrameGroupBy.pct_change,
DataFrameGroupBy.prod,DataFrameGroupBy,prod,``DataFrameGroupBy`` computations / descriptive stats,,DataFrameGroupBy.prod,
DataFrameGroupBy.quantile,DataFrameGroupBy,quantile,``DataFrameGroupBy`` computations / descriptive stats,,DataFrameGroupBy.quantile,
DataFrameGroupBy.rank,DataFrameGroupBy,rank,``DataFrameGroupBy`` computations / descriptive stats,phase 2,DataFrameGroupBy.rank,
DataFrameGroupBy.resample,DataFrameGroupBy,resample,``DataFrameGroupBy`` computations / descriptive stats,,DataFrameGroupBy.resample,
DataFrameGroupBy.rolling,DataFrameGroupBy,rolling,``DataFrameGroupBy`` computations / descriptive stats,,DataFrameGroupBy.rolling,
DataFrameGroupBy.sample,DataFrameGroupBy,sample,``DataFrameGroupBy`` computations / descriptive stats,,DataFrameGroupBy.sample,
DataFrameGroupBy.sem,DataFrameGroupBy,sem,``DataFrameGroupBy`` computations / descriptive stats,,DataFrameGroupBy.sem,
DataFrameGroupBy.shift,DataFrameGroupBy,shift,``DataFrameGroupBy`` computations / descriptive stats,phase 2,DataFrameGroupBy.shift,
DataFrameGroupBy.size,DataFrameGroupBy,size,``DataFrameGroupBy`` computations / descriptive stats,,DataFrameGroupBy.size,
DataFrameGroupBy.skew,DataFrameGroupBy,skew,``DataFrameGroupBy`` computations / descriptive stats,,DataFrameGroupBy.skew,
DataFrameGroupBy.std,DataFrameGroupBy,std,``DataFrameGroupBy`` computations / descriptive stats,,DataFrameGroupBy.std,
DataFrameGroupBy.sum,DataFrameGroupBy,sum,``DataFrameGroupBy`` computations / descriptive stats,,DataFrameGroupBy.sum,
DataFrameGroupBy.var,DataFrameGroupBy,var,``DataFrameGroupBy`` computations / descriptive stats,,DataFrameGroupBy.var,
DataFrameGroupBy.tail,DataFrameGroupBy,tail,``DataFrameGroupBy`` computations / descriptive stats,phase 2,DataFrameGroupBy.tail,
DataFrameGroupBy.take,DataFrameGroupBy,take,``DataFrameGroupBy`` computations / descriptive stats,,DataFrameGroupBy.take,
DataFrameGroupBy.value_counts,DataFrameGroupBy,value_counts,``DataFrameGroupBy`` computations / descriptive stats,,DataFrameGroupBy.value_counts,
SeriesGroupBy.all,SeriesGroupBy,all,``SeriesGroupBy`` computations / descriptive stats,,SeriesGroupBy.all,
SeriesGroupBy.any,SeriesGroupBy,any,``SeriesGroupBy`` computations / descriptive stats,,SeriesGroupBy.any,
SeriesGroupBy.bfill,SeriesGroupBy,bfill,``SeriesGroupBy`` computations / descriptive stats,,SeriesGroupBy.bfill,
SeriesGroupBy.corr,SeriesGroupBy,corr,``SeriesGroupBy`` computations / descriptive stats,,SeriesGroupBy.corr,
SeriesGroupBy.count,SeriesGroupBy,count,``SeriesGroupBy`` computations / descriptive stats,,SeriesGroupBy.count,
SeriesGroupBy.cov,SeriesGroupBy,cov,``SeriesGroupBy`` computations / descriptive stats,,SeriesGroupBy.cov,
SeriesGroupBy.cumcount,SeriesGroupBy,cumcount,``SeriesGroupBy`` computations / descriptive stats,phase 2,SeriesGroupBy.cumcount,
SeriesGroupBy.cummax,SeriesGroupBy,cummax,``SeriesGroupBy`` computations / descriptive stats,phase 2,SeriesGroupBy.cummax,
SeriesGroupBy.cummin,SeriesGroupBy,cummin,``SeriesGroupBy`` computations / descriptive stats,phase 2,SeriesGroupBy.cummin,
SeriesGroupBy.cumprod,SeriesGroupBy,cumprod,``SeriesGroupBy`` computations / descriptive stats,,SeriesGroupBy.cumprod,
SeriesGroupBy.cumsum,SeriesGroupBy,cumsum,``SeriesGroupBy`` computations / descriptive stats,phase 2,SeriesGroupBy.cumsum,
SeriesGroupBy.describe,SeriesGroupBy,describe,``SeriesGroupBy`` computations / descriptive stats,,SeriesGroupBy.describe,
SeriesGroupBy.diff,SeriesGroupBy,diff,``SeriesGroupBy`` computations / descriptive stats,,SeriesGroupBy.diff,
SeriesGroupBy.ffill,SeriesGroupBy,ffill,``SeriesGroupBy`` computations / descriptive stats,,SeriesGroupBy.ffill,
SeriesGroupBy.fillna,SeriesGroupBy,fillna,``SeriesGroupBy`` computations / descriptive stats,,SeriesGroupBy.fillna,
SeriesGroupBy.first,SeriesGroupBy,first,``SeriesGroupBy`` computations / descriptive stats,,SeriesGroupBy.first,
SeriesGroupBy.head,SeriesGroupBy,head,``SeriesGroupBy`` computations / descriptive stats,phase 2,SeriesGroupBy.head,
SeriesGroupBy.last,SeriesGroupBy,last,``SeriesGroupBy`` computations / descriptive stats,,SeriesGroupBy.last,
SeriesGroupBy.idxmax,SeriesGroupBy,idxmax,``SeriesGroupBy`` computations / descriptive stats,phase 2,SeriesGroupBy.idxmax,
SeriesGroupBy.idxmin,SeriesGroupBy,idxmin,``SeriesGroupBy`` computations / descriptive stats,phase 2,SeriesGroupBy.idxmin,
SeriesGroupBy.is_monotonic_increasing,SeriesGroupBy,is_monotonic_increasing,``SeriesGroupBy`` computations / descriptive stats,,SeriesGroupBy.is_monotonic_increasing,
SeriesGroupBy.is_monotonic_decreasing,SeriesGroupBy,is_monotonic_decreasing,``SeriesGroupBy`` computations / descriptive stats,,SeriesGroupBy.is_monotonic_decreasing,
SeriesGroupBy.max,SeriesGroupBy,max,``SeriesGroupBy`` computations / descriptive stats,,SeriesGroupBy.max,
SeriesGroupBy.mean,SeriesGroupBy,mean,``SeriesGroupBy`` computations / descriptive stats,,SeriesGroupBy.mean,
SeriesGroupBy.median,SeriesGroupBy,median,``SeriesGroupBy`` computations / descriptive stats,,SeriesGroupBy.median,
SeriesGroupBy.min,SeriesGroupBy,min,``SeriesGroupBy`` computations / descriptive stats,,SeriesGroupBy.min,
SeriesGroupBy.ngroup,SeriesGroupBy,ngroup,``SeriesGroupBy`` computations / descriptive stats,,SeriesGroupBy.ngroup,
SeriesGroupBy.nlargest,SeriesGroupBy,nlargest,``SeriesGroupBy`` computations / descriptive stats,,SeriesGroupBy.nlargest,
SeriesGroupBy.nsmallest,SeriesGroupBy,nsmallest,``SeriesGroupBy`` computations / descriptive stats,,SeriesGroupBy.nsmallest,
SeriesGroupBy.nth,SeriesGroupBy,nth,``SeriesGroupBy`` computations / descriptive stats,,SeriesGroupBy.nth,
SeriesGroupBy.nunique,SeriesGroupBy,nunique,``SeriesGroupBy`` computations / descriptive stats,,SeriesGroupBy.nunique,
SeriesGroupBy.unique,SeriesGroupBy,unique,``SeriesGroupBy`` computations / descriptive stats,,SeriesGroupBy.unique,
SeriesGroupBy.ohlc,SeriesGroupBy,ohlc,``SeriesGroupBy`` computations / descriptive stats,,SeriesGroupBy.ohlc,
SeriesGroupBy.pct_change,SeriesGroupBy,pct_change,``SeriesGroupBy`` computations / descriptive stats,,SeriesGroupBy.pct_change,
SeriesGroupBy.prod,SeriesGroupBy,prod,``SeriesGroupBy`` computations / descriptive stats,,SeriesGroupBy.prod,
SeriesGroupBy.quantile,SeriesGroupBy,quantile,``SeriesGroupBy`` computations / descriptive stats,,SeriesGroupBy.quantile,
SeriesGroupBy.rank,SeriesGroupBy,rank,``SeriesGroupBy`` computations / descriptive stats,,SeriesGroupBy.rank,
SeriesGroupBy.resample,SeriesGroupBy,resample,``SeriesGroupBy`` computations / descriptive stats,,SeriesGroupBy.resample,
SeriesGroupBy.rolling,SeriesGroupBy,rolling,``SeriesGroupBy`` computations / descriptive stats,,SeriesGroupBy.rolling,
SeriesGroupBy.sample,SeriesGroupBy,sample,``SeriesGroupBy`` computations / descriptive stats,,SeriesGroupBy.sample,
SeriesGroupBy.sem,SeriesGroupBy,sem,``SeriesGroupBy`` computations / descriptive stats,,SeriesGroupBy.sem,
SeriesGroupBy.shift,SeriesGroupBy,shift,``SeriesGroupBy`` computations / descriptive stats,phase 2,SeriesGroupBy.shift,
SeriesGroupBy.size,SeriesGroupBy,size,``SeriesGroupBy`` computations / descriptive stats,,SeriesGroupBy.size,
SeriesGroupBy.skew,SeriesGroupBy,skew,``SeriesGroupBy`` computations / descriptive stats,,SeriesGroupBy.skew,
SeriesGroupBy.std,SeriesGroupBy,std,``SeriesGroupBy`` computations / descriptive stats,,SeriesGroupBy.std,
SeriesGroupBy.sum,SeriesGroupBy,sum,``SeriesGroupBy`` computations / descriptive stats,,SeriesGroupBy.sum,
SeriesGroupBy.var,SeriesGroupBy,var,``SeriesGroupBy`` computations / descriptive stats,,SeriesGroupBy.var,
SeriesGroupBy.tail,SeriesGroupBy,tail,``SeriesGroupBy`` computations / descriptive stats,phase 2,SeriesGroupBy.tail,
SeriesGroupBy.take,SeriesGroupBy,take,``SeriesGroupBy`` computations / descriptive stats,,SeriesGroupBy.take,
SeriesGroupBy.value_counts,SeriesGroupBy,value_counts,``SeriesGroupBy`` computations / descriptive stats,,SeriesGroupBy.value_counts,
DataFrameGroupBy.boxplot,DataFrameGroupBy,boxplot,Plotting and visualization,,DataFrameGroupBy.boxplot,
DataFrameGroupBy.hist,DataFrameGroupBy,hist,Plotting and visualization,,DataFrameGroupBy.hist,
SeriesGroupBy.hist,SeriesGroupBy,hist,Plotting and visualization,,SeriesGroupBy.hist,
DataFrameGroupBy.plot,DataFrameGroupBy,plot,Plotting and visualization,,DataFrameGroupBy.plot,
SeriesGroupBy.plot,SeriesGroupBy,plot,Plotting and visualization,,SeriesGroupBy.plot,
Resampler.__iter__,Resampler,__iter__,"Indexing, iteration",,Resampler.__iter__,
Resampler.groups,Resampler,groups,"Indexing, iteration",,Resampler.groups,
Resampler.indices,Resampler,indices,"Indexing, iteration",,Resampler.indices,
Resampler.get_group,Resampler,get_group,"Indexing, iteration",,Resampler.get_group,
Resampler.apply,Resampler,apply,Function application,,Resampler.apply,
Resampler.aggregate,Resampler,aggregate,Function application,,Resampler.aggregate,
Resampler.transform,Resampler,transform,Function application,,Resampler.transform,
Resampler.pipe,Resampler,pipe,Function application,,Resampler.pipe,
Resampler.ffill,Resampler,ffill,Upsampling,,Resampler.ffill,
Resampler.bfill,Resampler,bfill,Upsampling,,Resampler.bfill,
Resampler.nearest,Resampler,nearest,Upsampling,,Resampler.nearest,
Resampler.fillna,Resampler,fillna,Upsampling,,Resampler.fillna,
Resampler.asfreq,Resampler,asfreq,Upsampling,,Resampler.asfreq,
Resampler.interpolate,Resampler,interpolate,Upsampling,,Resampler.interpolate,
Resampler.count,Resampler,count,Computations / descriptive stats,,Resampler.count,
Resampler.nunique,Resampler,nunique,Computations / descriptive stats,,Resampler.nunique,
Resampler.first,Resampler,first,Computations / descriptive stats,,Resampler.first,
Resampler.last,Resampler,last,Computations / descriptive stats,,Resampler.last,
Resampler.max,Resampler,max,Computations / descriptive stats,phase 2,Resampler.max,
Resampler.mean,Resampler,mean,Computations / descriptive stats,phase 2,Resampler.mean,
Resampler.median,Resampler,median,Computations / descriptive stats,,Resampler.median,
Resampler.min,Resampler,min,Computations / descriptive stats,,Resampler.min,
Resampler.ohlc,Resampler,ohlc,Computations / descriptive stats,,Resampler.ohlc,
Resampler.prod,Resampler,prod,Computations / descriptive stats,,Resampler.prod,
Resampler.size,Resampler,size,Computations / descriptive stats,,Resampler.size,
Resampler.sem,Resampler,sem,Computations / descriptive stats,,Resampler.sem,
Resampler.std,Resampler,std,Computations / descriptive stats,phase 2,Resampler.std,
Resampler.sum,Resampler,sum,Computations / descriptive stats,phase 2,Resampler.sum,
Resampler.var,Resampler,var,Computations / descriptive stats,phase 2,Resampler.var,
Resampler.quantile,Resampler,quantile,Computations / descriptive stats,,Resampler.quantile,
pandas.melt,pandas,melt,Data manipulations,phase 2,pandas.melt,
pandas.pivot,pandas,pivot,Data manipulations,,pandas.pivot,
pandas.pivot_table,pandas,pivot_table,Data manipulations,,pandas.pivot_table,
pandas.crosstab,pandas,crosstab,Data manipulations,,pandas.crosstab,
pandas.cut,pandas,cut,Data manipulations,phase 2,pandas.cut,
pandas.qcut,pandas,qcut,Data manipulations,phase 2,pandas.qcut,
pandas.merge,pandas,merge,Data manipulations,,pandas.merge,
pandas.merge_ordered,pandas,merge_ordered,Data manipulations,,pandas.merge_ordered,
pandas.merge_asof,pandas,merge_asof,Data manipulations,,pandas.merge_asof,
pandas.concat,pandas,concat,Data manipulations,,pandas.concat,
pandas.get_dummies,pandas,get_dummies,Data manipulations,phase 2,pandas.get_dummies,
pandas.from_dummies,pandas,from_dummies,Data manipulations,,pandas.from_dummies,
pandas.factorize,pandas,factorize,Data manipulations,,pandas.factorize,
pandas.unique,pandas,unique,Data manipulations,,pandas.unique,
pandas.lreshape,pandas,lreshape,Data manipulations,,pandas.lreshape,
pandas.wide_to_long,pandas,wide_to_long,Data manipulations,,pandas.wide_to_long,
pandas.isna,pandas,isna,Top-level missing data,,pandas.isna,
pandas.isnull,pandas,isnull,Top-level missing data,,pandas.isnull,
pandas.notna,pandas,notna,Top-level missing data,,pandas.notna,
pandas.notnull,pandas,notnull,Top-level missing data,,pandas.notnull,
pandas.to_numeric,pandas,to_numeric,Top-level dealing with numeric data,,pandas.to_numeric,
pandas.to_datetime,pandas,to_datetime,Top-level dealing with datetimelike data,,pandas.to_datetime,
pandas.to_timedelta,pandas,to_timedelta,Top-level dealing with datetimelike data,,pandas.to_timedelta,
pandas.date_range,pandas,date_range,Top-level dealing with datetimelike data,phase 2,pandas.date_range,
pandas.bdate_range,pandas,bdate_range,Top-level dealing with datetimelike data,,pandas.bdate_range,
pandas.period_range,pandas,period_range,Top-level dealing with datetimelike data,,pandas.period_range,
pandas.timedelta_range,pandas,timedelta_range,Top-level dealing with datetimelike data,,pandas.timedelta_range,
pandas.infer_freq,pandas,infer_freq,Top-level dealing with datetimelike data,,pandas.infer_freq,
pandas.interval_range,pandas,interval_range,Top-level dealing with Interval data,,pandas.interval_range,
pandas.eval,pandas,eval,Top-level evaluation,,pandas.eval,
pandas.util.hash_array,pandas,util.hash_array,Hashing,,pandas.util.hash_array,
pandas.util.hash_pandas_object,pandas,util.hash_pandas_object,Hashing,,pandas.util.hash_pandas_object,
pandas.read_pickle,pandas,read_pickle,Input/Output,,pandas.read_pickle,
pandas.read_table,pandas,read_table,Input/Output,,pandas.read_table,
pandas.read_csv,pandas,read_csv,Input/Output,,pandas.read_csv,
pandas.read_fwf,pandas,read_fwf,Input/Output,,pandas.read_fwf,
pandas.read_clipboard,pandas,read_clipboard,Input/Output,,pandas.read_clipboard,
pandas.read_excel,pandas,read_excel,Input/Output,,pandas.read_excel,
pandas.ExcelFile,pandas,ExcelFile,Input/Output,,pandas.ExcelFile,
pandas.ExcelFile.book,pandas,ExcelFile.book,Input/Output,,pandas.ExcelFile.book,
pandas.ExcelFile.sheet_names,pandas,ExcelFile.sheet_names,Input/Output,,pandas.ExcelFile.sheet_names,
pandas.ExcelFile.parse,pandas,ExcelFile.parse,Input/Output,,pandas.ExcelFile.parse,
pandas.ExcelWriter,pandas,ExcelWriter,Input/Output,,pandas.ExcelWriter,
pandas.read_json,pandas,read_json,Input/Output,,pandas.read_json,
pandas.json_normalize,pandas,json_normalize,Input/Output,,pandas.json_normalize,
pandas.io.json.build_table_schema,pandas,io.json.build_table_schema,Input/Output,,pandas.io.json.build_table_schema,
pandas.read_html,pandas,read_html,Input/Output,,pandas.read_html,
pandas.read_xml,pandas,read_xml,Input/Output,,pandas.read_xml,
pandas.read_hdf,pandas,read_hdf,Input/Output,,pandas.read_hdf,
pandas.HDFStore.put,pandas,HDFStore.put,Input/Output,,pandas.HDFStore.put,
pandas.HDFStore.append,pandas,HDFStore.append,Input/Output,,pandas.HDFStore.append,
pandas.HDFStore.get,pandas,HDFStore.get,Input/Output,,pandas.HDFStore.get,
pandas.HDFStore.select,pandas,HDFStore.select,Input/Output,,pandas.HDFStore.select,
pandas.HDFStore.info,pandas,HDFStore.info,Input/Output,,pandas.HDFStore.info,
pandas.HDFStore.keys,pandas,HDFStore.keys,Input/Output,,pandas.HDFStore.keys,
pandas.HDFStore.groups,pandas,HDFStore.groups,Input/Output,,pandas.HDFStore.groups,
pandas.HDFStore.walk,pandas,HDFStore.walk,Input/Output,,pandas.HDFStore.walk,
pandas.read_feather,pandas,read_feather,Input/Output,,pandas.read_feather,
pandas.read_parquet,pandas,read_parquet,Input/Output,,pandas.read_parquet,
pandas.read_orc,pandas,read_orc,Input/Output,,pandas.read_orc,
pandas.read_sas,pandas,read_sas,Input/Output,,pandas.read_sas,
pandas.read_spss,pandas,read_spss,Input/Output,,pandas.read_spss,
pandas.read_sql_table,pandas,read_sql_table,Input/Output,,pandas.read_sql_table,
pandas.read_sql_query,pandas,read_sql_query,Input/Output,,pandas.read_sql_query,
pandas.read_sql,pandas,read_sql,Input/Output,,pandas.read_sql,
pandas.read_gbq,pandas,read_gbq,Input/Output,,pandas.read_gbq,
pandas.read_stata,pandas,read_stata,Input/Output,,pandas.read_stata,
pandas.io.stata.StataReader.data_label,pandas,io.stata.StataReader.data_label,Input/Output,,pandas.io.stata.StataReader.data_label,
pandas.io.stata.StataReader.value_labels,pandas,io.stata.StataReader.value_labels,Input/Output,,pandas.io.stata.StataReader.value_labels,
pandas.io.stata.StataReader.variable_labels,pandas,io.stata.StataReader.variable_labels,Input/Output,,pandas.io.stata.StataReader.variable_labels,
pandas.io.stata.StataWriter.write_file,pandas,io.stata.StataWriter.write_file,Input/Output,,pandas.io.stata.StataWriter.write_file,
DataFrame.plot,DataFrame,plot,Plotting and visualization,,DataFrame.plot,
DataFrame.plot.area,DataFrame,plot.area,Plotting and visualization,,DataFrame.plot.area,
DataFrame.plot.bar,DataFrame,plot.bar,Plotting and visualization,,DataFrame.plot.bar,
DataFrame.plot.barh,DataFrame,plot.barh,Plotting and visualization,,DataFrame.plot.barh,
DataFrame.plot.box,DataFrame,plot.box,Plotting and visualization,,DataFrame.plot.box,
DataFrame.plot.density,DataFrame,plot.density,Plotting and visualization,,DataFrame.plot.density,
DataFrame.plot.hexbin,DataFrame,plot.hexbin,Plotting and visualization,,DataFrame.plot.hexbin,
DataFrame.plot.hist,DataFrame,plot.hist,Plotting and visualization,,DataFrame.plot.hist,
DataFrame.plot.kde,DataFrame,plot.kde,Plotting and visualization,,DataFrame.plot.kde,
DataFrame.plot.line,DataFrame,plot.line,Plotting and visualization,,DataFrame.plot.line,
DataFrame.plot.pie,DataFrame,plot.pie,Plotting and visualization,,DataFrame.plot.pie,
DataFrame.plot.scatter,DataFrame,plot.scatter,Plotting and visualization,,DataFrame.plot.scatter,
DataFrame.boxplot,DataFrame,boxplot,Plotting and visualization,,DataFrame.boxplot,
DataFrame.hist,DataFrame,hist,Plotting and visualization,,DataFrame.hist,
Series.plot,Series,plot,Plotting and visualization,,Series.plot,
Series.plot.area,Series,plot.area,Plotting and visualization,,Series.plot.area,
Series.plot.bar,Series,plot.bar,Plotting and visualization,,Series.plot.bar,
Series.plot.barh,Series,plot.barh,Plotting and visualization,,Series.plot.barh,
Series.plot.box,Series,plot.box,Plotting and visualization,,Series.plot.box,
Series.plot.density,Series,plot.density,Plotting and visualization,,Series.plot.density,
Series.plot.hist,Series,plot.hist,Plotting and visualization,,Series.plot.hist,
Series.plot.kde,Series,plot.kde,Plotting and visualization,,Series.plot.kde,
Series.plot.line,Series,plot.line,Plotting and visualization,,Series.plot.line,
Series.plot.pie,Series,plot.pie,Plotting and visualization,,Series.plot.pie,
Series.hist,Series,hist,Plotting and visualization,,Series.hist,