,class,group,method,coverage,milestone
0,CategoricalIndex,Categorical components,add_categories,âŒ,
1,CategoricalIndex,Categorical components,as_ordered,âŒ,
2,CategoricalIndex,Categorical components,as_unordered,âŒ,
3,CategoricalIndex,Categorical components,categories,âœ…,
4,CategoricalIndex,Categorical components,codes,âœ…,
5,CategoricalIndex,Categorical components,ordered,âŒ,
6,CategoricalIndex,Categorical components,remove_categories,âŒ,
7,CategoricalIndex,Categorical components,remove_unused_categories,âŒ,
8,CategoricalIndex,Categorical components,rename_categories,âŒ,
9,CategoricalIndex,Categorical components,reorder_categories,âŒ,
10,CategoricalIndex,Categorical components,set_categories,âŒ,
11,CategoricalIndex,Modifying and computations,equals,âŒ,
12,CategoricalIndex,Modifying and computations,map,âŒ,
13,DataFrame,Attributes and underlying data,axes,âœ…,
14,DataFrame,Attributes and underlying data,columns,âœ…,phase 1
15,DataFrame,Attributes and underlying data,dtypes,âœ…,
16,DataFrame,Attributes and underlying data,empty,âœ…,phase 1
17,DataFrame,Attributes and underlying data,index,âœ…,phase 1
18,DataFrame,Attributes and underlying data,info,âœ…,phase 2
19,DataFrame,Attributes and underlying data,memory_usage,âœ…,
20,DataFrame,Attributes and underlying data,ndim,âœ…,
21,DataFrame,Attributes and underlying data,select_dtypes,âœ…,phase 2
22,DataFrame,Attributes and underlying data,set_flags,âŒ,
23,DataFrame,Attributes and underlying data,shape,âœ…,phase 1
24,DataFrame,Attributes and underlying data,size,âœ…,phase 1
25,DataFrame,Attributes and underlying data,values,âœ…,phase 1
26,DataFrame,Binary operator functions,__add__,âœ…,
27,DataFrame,Binary operator functions,add,ğŸŸ¡,phase 1
28,DataFrame,Binary operator functions,combine,âŒ,
29,DataFrame,Binary operator functions,combine_first,âŒ,
30,DataFrame,Binary operator functions,div,âœ…,
31,DataFrame,Binary operator functions,dot,âŒ,
32,DataFrame,Binary operator functions,eq,âœ…,
33,DataFrame,Binary operator functions,floordiv,âœ…,
34,DataFrame,Binary operator functions,ge,âœ…,
35,DataFrame,Binary operator functions,gt,âœ…,
36,DataFrame,Binary operator functions,le,âœ…,
37,DataFrame,Binary operator functions,lt,âœ…,
38,DataFrame,Binary operator functions,mod,âœ…,
39,DataFrame,Binary operator functions,mul,âœ…,
40,DataFrame,Binary operator functions,ne,âœ…,
41,DataFrame,Binary operator functions,pow,âœ…,
42,DataFrame,Binary operator functions,radd,âœ…,
43,DataFrame,Binary operator functions,rdiv,âœ…,
44,DataFrame,Binary operator functions,rfloordiv,âœ…,
45,DataFrame,Binary operator functions,rmod,âœ…,
46,DataFrame,Binary operator functions,rmul,âœ…,
47,DataFrame,Binary operator functions,rpow,âœ…,
48,DataFrame,Binary operator functions,rsub,âœ…,
49,DataFrame,Binary operator functions,rtruediv,âœ…,
50,DataFrame,Binary operator functions,sub,âœ…,phase 1
51,DataFrame,Binary operator functions,truediv,âœ…,
52,DataFrame,Combining / comparing / joining / merging,assign,âœ…,
53,DataFrame,Combining / comparing / joining / merging,compare,âŒ,
54,DataFrame,Combining / comparing / joining / merging,join,ğŸŸ¡,phase 1
55,DataFrame,Combining / comparing / joining / merging,merge,ğŸŸ¡,phase 1
56,DataFrame,Combining / comparing / joining / merging,update,âŒ,
57,DataFrame,Computations / descriptive stats,abs,âœ…,
58,DataFrame,Computations / descriptive stats,all,ğŸŸ¡,
59,DataFrame,Computations / descriptive stats,any,ğŸŸ¡,
60,DataFrame,Computations / descriptive stats,clip,âŒ,
61,DataFrame,Computations / descriptive stats,corr,ğŸŸ¡,phase 2
62,DataFrame,Computations / descriptive stats,corrwith,âŒ,
63,DataFrame,Computations / descriptive stats,count,âœ…,phase 1
64,DataFrame,Computations / descriptive stats,cov,âŒ,
65,DataFrame,Computations / descriptive stats,cummax,ğŸŸ¡,phase 2
66,DataFrame,Computations / descriptive stats,cummin,ğŸŸ¡,phase 2
67,DataFrame,Computations / descriptive stats,cumprod,âŒ,
68,DataFrame,Computations / descriptive stats,cumsum,ğŸŸ¡,phase 2
69,DataFrame,Computations / descriptive stats,describe,âœ…,phase 2
70,DataFrame,Computations / descriptive stats,diff,âœ…,phase 2
71,DataFrame,Computations / descriptive stats,eval,âŒ,
72,DataFrame,Computations / descriptive stats,kurt,âŒ,
73,DataFrame,Computations / descriptive stats,kurtosis,âŒ,
74,DataFrame,Computations / descriptive stats,max,ğŸŸ¡,phase 1
75,DataFrame,Computations / descriptive stats,mean,âœ…,phase 1
76,DataFrame,Computations / descriptive stats,median,âœ…,phase 1
77,DataFrame,Computations / descriptive stats,min,âœ…,phase 1
78,DataFrame,Computations / descriptive stats,mode,âŒ,
79,DataFrame,Computations / descriptive stats,nunique,ğŸŸ¡,phase 1
80,DataFrame,Computations / descriptive stats,pct_change,ğŸŸ¡,
81,DataFrame,Computations / descriptive stats,prod,âŒ,
82,DataFrame,Computations / descriptive stats,product,âŒ,
83,DataFrame,Computations / descriptive stats,quantile,ğŸŸ¡,phase 1
84,DataFrame,Computations / descriptive stats,rank,ğŸŸ¡,phase 2
85,DataFrame,Computations / descriptive stats,round,ğŸŸ¡,phase 2
86,DataFrame,Computations / descriptive stats,sem,âŒ,
87,DataFrame,Computations / descriptive stats,skew,ğŸŸ¡,phase 2
88,DataFrame,Computations / descriptive stats,std,ğŸŸ¡,phase 1
89,DataFrame,Computations / descriptive stats,sum,âœ…,phase 1
90,DataFrame,Computations / descriptive stats,value_counts,ğŸŸ¡,phase 2
91,DataFrame,Computations / descriptive stats,var,ğŸŸ¡,phase 1
92,DataFrame,Conversion,astype,âœ…,phase 1
93,DataFrame,Conversion,bool,âŒ,
94,DataFrame,Conversion,convert_dtypes,âŒ,
95,DataFrame,Conversion,copy,âœ…,phase 1
96,DataFrame,Conversion,infer_objects,âŒ,
97,DataFrame,"Function application, GroupBy & window",agg,ğŸŸ¡,phase 1
98,DataFrame,"Function application, GroupBy & window",aggregate,ğŸŸ¡,
99,DataFrame,"Function application, GroupBy & window",apply,ğŸŸ¡,phase 1
100,DataFrame,"Function application, GroupBy & window",applymap,ğŸŸ¡,phase 1
101,DataFrame,"Function application, GroupBy & window",ewm,âŒ,
102,DataFrame,"Function application, GroupBy & window",expanding,âœ…,
103,DataFrame,"Function application, GroupBy & window",groupby,âœ…,phase 1
104,DataFrame,"Function application, GroupBy & window",pipe,âŒ,
105,DataFrame,"Function application, GroupBy & window",rolling,âœ…,phase 2
106,DataFrame,"Function application, GroupBy & window",transform,âŒ,
107,DataFrame,"Indexing, iteration",__iter__,âœ…,
108,DataFrame,"Indexing, iteration",at,âœ…,
109,DataFrame,"Indexing, iteration",get,âŒ,on-hold
110,DataFrame,"Indexing, iteration",head,âœ…,phase 1
111,DataFrame,"Indexing, iteration",iat,âœ…,
112,DataFrame,"Indexing, iteration",iloc,âœ…,phase 1
113,DataFrame,"Indexing, iteration",insert,âœ…,phase 1
114,DataFrame,"Indexing, iteration",isin,âœ…,phase 2
115,DataFrame,"Indexing, iteration",items,âŒ,on-hold
116,DataFrame,"Indexing, iteration",iterrows,âœ…,phase 2
117,DataFrame,"Indexing, iteration",itertuples,âœ…,phase 2
118,DataFrame,"Indexing, iteration",keys,âŒ,on-hold
119,DataFrame,"Indexing, iteration",loc,âœ…,phase 1
120,DataFrame,"Indexing, iteration",mask,ğŸŸ¡,
121,DataFrame,"Indexing, iteration",pop,âŒ,
122,DataFrame,"Indexing, iteration",query,âŒ,
123,DataFrame,"Indexing, iteration",tail,âœ…,phase 1
124,DataFrame,"Indexing, iteration",where,ğŸŸ¡,phase 1
125,DataFrame,"Indexing, iteration",xs,âŒ,
126,DataFrame,Metadata,attrs,âŒ,
127,DataFrame,Missing data handling,backfill,âŒ,
128,DataFrame,Missing data handling,bfill,âŒ,
129,DataFrame,Missing data handling,dropna,ğŸŸ¡,phase 1
130,DataFrame,Missing data handling,ffill,âœ…,
131,DataFrame,Missing data handling,fillna,ğŸŸ¡,phase 1
132,DataFrame,Missing data handling,interpolate,âŒ,
133,DataFrame,Missing data handling,isna,âœ…,phase 1
134,DataFrame,Missing data handling,isnull,âœ…,phase 1
135,DataFrame,Missing data handling,notna,âœ…,phase 1
136,DataFrame,Missing data handling,notnull,âœ…,phase 1
137,DataFrame,Missing data handling,pad,âœ…,
138,DataFrame,Missing data handling,replace,ğŸŸ¡,phase 2
139,DataFrame,Plotting,boxplot,âŒ,
140,DataFrame,Plotting,hist,âŒ,
141,DataFrame,Plotting,plot,âŒ,
142,DataFrame,Plotting,plot.area,âŒ,
143,DataFrame,Plotting,plot.bar,âŒ,
144,DataFrame,Plotting,plot.barh,âŒ,
145,DataFrame,Plotting,plot.box,âŒ,
146,DataFrame,Plotting,plot.density,âŒ,
147,DataFrame,Plotting,plot.hexbin,âŒ,
148,DataFrame,Plotting,plot.hist,âŒ,
149,DataFrame,Plotting,plot.kde,âŒ,
150,DataFrame,Plotting,plot.line,âŒ,
151,DataFrame,Plotting,plot.pie,âŒ,
152,DataFrame,Plotting,plot.scatter,âŒ,
153,DataFrame,Plotting and visualization,boxplot,âŒ,
154,DataFrame,Plotting and visualization,hist,âŒ,
155,DataFrame,Plotting and visualization,plot,âŒ,
156,DataFrame,Plotting and visualization,plot.area,âŒ,
157,DataFrame,Plotting and visualization,plot.bar,âŒ,
158,DataFrame,Plotting and visualization,plot.barh,âŒ,
159,DataFrame,Plotting and visualization,plot.box,âŒ,
160,DataFrame,Plotting and visualization,plot.density,âŒ,
161,DataFrame,Plotting and visualization,plot.hexbin,âŒ,
162,DataFrame,Plotting and visualization,plot.hist,âŒ,
163,DataFrame,Plotting and visualization,plot.kde,âŒ,
164,DataFrame,Plotting and visualization,plot.line,âŒ,
165,DataFrame,Plotting and visualization,plot.pie,âŒ,
166,DataFrame,Plotting and visualization,plot.scatter,âŒ,
167,DataFrame,Reindexing / selection / label manipulation,add_prefix,âœ…,phase 2
168,DataFrame,Reindexing / selection / label manipulation,add_suffix,âœ…,phase 2
169,DataFrame,Reindexing / selection / label manipulation,align,âŒ,
170,DataFrame,Reindexing / selection / label manipulation,at_time,âŒ,
171,DataFrame,Reindexing / selection / label manipulation,between_time,âŒ,
172,DataFrame,Reindexing / selection / label manipulation,drop,âœ…,phase 1
173,DataFrame,Reindexing / selection / label manipulation,drop_duplicates,âœ…,phase 2
174,DataFrame,Reindexing / selection / label manipulation,duplicated,âœ…,phase 2
175,DataFrame,Reindexing / selection / label manipulation,equals,âŒ,
176,DataFrame,Reindexing / selection / label manipulation,filter,âŒ,on-hold
177,DataFrame,Reindexing / selection / label manipulation,first,âŒ,on-hold
178,DataFrame,Reindexing / selection / label manipulation,head,âœ…,phase 1
179,DataFrame,Reindexing / selection / label manipulation,idxmax,ğŸŸ¡,phase 2
180,DataFrame,Reindexing / selection / label manipulation,idxmin,ğŸŸ¡,phase 2
181,DataFrame,Reindexing / selection / label manipulation,last,âŒ,
182,DataFrame,Reindexing / selection / label manipulation,reindex,âŒ,
183,DataFrame,Reindexing / selection / label manipulation,reindex_like,âŒ,
184,DataFrame,Reindexing / selection / label manipulation,rename,ğŸŸ¡,phase 1
185,DataFrame,Reindexing / selection / label manipulation,rename_axis,âœ…,
186,DataFrame,Reindexing / selection / label manipulation,reset_index,âœ…,phase 1
187,DataFrame,Reindexing / selection / label manipulation,sample,âœ…,phase 2
188,DataFrame,Reindexing / selection / label manipulation,set_axis,âœ…,
189,DataFrame,Reindexing / selection / label manipulation,set_index,âœ…,phase 1
190,DataFrame,Reindexing / selection / label manipulation,tail,âœ…,phase 1
191,DataFrame,Reindexing / selection / label manipulation,take,âœ…,
192,DataFrame,Reindexing / selection / label manipulation,truncate,âŒ,
193,DataFrame,"Reshaping, sorting, transposing",T,ğŸŸ¡,phase 1
194,DataFrame,"Reshaping, sorting, transposing",droplevel,âŒ,
195,DataFrame,"Reshaping, sorting, transposing",explode,âŒ,
196,DataFrame,"Reshaping, sorting, transposing",melt,ğŸŸ¡,phase 2
197,DataFrame,"Reshaping, sorting, transposing",nlargest,ğŸŸ¡,
198,DataFrame,"Reshaping, sorting, transposing",nsmallest,ğŸŸ¡,
199,DataFrame,"Reshaping, sorting, transposing",pivot,âœ…,
200,DataFrame,"Reshaping, sorting, transposing",pivot_table,ğŸŸ¡,phase 1
201,DataFrame,"Reshaping, sorting, transposing",reorder_levels,âŒ,
202,DataFrame,"Reshaping, sorting, transposing",sort_index,ğŸŸ¡,phase 2
203,DataFrame,"Reshaping, sorting, transposing",sort_values,ğŸŸ¡,phase 1
204,DataFrame,"Reshaping, sorting, transposing",squeeze,âœ…,
205,DataFrame,"Reshaping, sorting, transposing",stack,ğŸŸ¡,
206,DataFrame,"Reshaping, sorting, transposing",swapaxes,âŒ,
207,DataFrame,"Reshaping, sorting, transposing",swaplevel,âŒ,
208,DataFrame,"Reshaping, sorting, transposing",to_xarray,âŒ,
209,DataFrame,"Reshaping, sorting, transposing",transpose,âœ…,phase 1
210,DataFrame,"Reshaping, sorting, transposing",unstack,âŒ,
211,DataFrame,Serialization / IO / conversion,__dataframe__,âŒ,
212,DataFrame,Serialization / IO / conversion,from_dict,âŒ,
213,DataFrame,Serialization / IO / conversion,from_records,âŒ,
214,DataFrame,Serialization / IO / conversion,style,âŒ,
215,DataFrame,Serialization / IO / conversion,to_clipboard,âŒ,
216,DataFrame,Serialization / IO / conversion,to_csv,âŒ,
217,DataFrame,Serialization / IO / conversion,to_dict,âœ…,phase 2
218,DataFrame,Serialization / IO / conversion,to_excel,âŒ,
219,DataFrame,Serialization / IO / conversion,to_feather,âŒ,
220,DataFrame,Serialization / IO / conversion,to_gbq,âŒ,
221,DataFrame,Serialization / IO / conversion,to_hdf,âŒ,
222,DataFrame,Serialization / IO / conversion,to_html,âŒ,
223,DataFrame,Serialization / IO / conversion,to_json,âŒ,
224,DataFrame,Serialization / IO / conversion,to_latex,âŒ,
225,DataFrame,Serialization / IO / conversion,to_markdown,âŒ,
226,DataFrame,Serialization / IO / conversion,to_orc,âŒ,
227,DataFrame,Serialization / IO / conversion,to_parquet,âŒ,
228,DataFrame,Serialization / IO / conversion,to_pickle,âŒ,
229,DataFrame,Serialization / IO / conversion,to_records,âŒ,
230,DataFrame,Serialization / IO / conversion,to_sql,âŒ,
231,DataFrame,Serialization / IO / conversion,to_stata,âŒ,
232,DataFrame,Serialization / IO / conversion,to_string,âŒ,
233,DataFrame,Sparse accessor,sparse.density,âŒ,
234,DataFrame,Sparse accessor,sparse.from_spmatrix,âŒ,
235,DataFrame,Sparse accessor,sparse.to_coo,âŒ,
236,DataFrame,Sparse accessor,sparse.to_dense,âŒ,
237,DataFrame,Time Series-related,asfreq,âŒ,
238,DataFrame,Time Series-related,asof,âŒ,
239,DataFrame,Time Series-related,first_valid_index,âœ…,phase 2
240,DataFrame,Time Series-related,last_valid_index,âœ…,phase 2
241,DataFrame,Time Series-related,resample,âœ…,phase 1
242,DataFrame,Time Series-related,shift,ğŸŸ¡,phase 2
243,DataFrame,Time Series-related,to_period,âŒ,
244,DataFrame,Time Series-related,to_timestamp,âŒ,
245,DataFrame,Time Series-related,tz_convert,âŒ,
246,DataFrame,Time Series-related,tz_localize,âŒ,
247,DataFrameGroupBy,Function application,agg,ğŸŸ¡,
248,DataFrameGroupBy,Function application,aggregate,ğŸŸ¡,
249,DataFrameGroupBy,Function application,apply,ğŸŸ¡,phase 2
250,DataFrameGroupBy,Function application,filter,âŒ,
251,DataFrameGroupBy,Function application,pipe,âŒ,
252,DataFrameGroupBy,Function application,transform,ğŸŸ¡,phase 2
253,DataFrameGroupBy,"Indexing, iteration",__iter__,âŒ,
254,DataFrameGroupBy,"Indexing, iteration",get_group,ğŸŸ¡,
255,DataFrameGroupBy,"Indexing, iteration",groups,âœ…,
256,DataFrameGroupBy,"Indexing, iteration",indices,âœ…,
257,DataFrameGroupBy,Plotting and visualization,boxplot,âŒ,
258,DataFrameGroupBy,Plotting and visualization,hist,âŒ,
259,DataFrameGroupBy,Plotting and visualization,plot,âŒ,
260,DataFrameGroupBy,``DataFrameGroupBy`` computations / descriptive stats,all,âœ…,
261,DataFrameGroupBy,``DataFrameGroupBy`` computations / descriptive stats,any,âœ…,
262,DataFrameGroupBy,``DataFrameGroupBy`` computations / descriptive stats,bfill,âŒ,
263,DataFrameGroupBy,``DataFrameGroupBy`` computations / descriptive stats,corr,âŒ,
264,DataFrameGroupBy,``DataFrameGroupBy`` computations / descriptive stats,corrwith,âŒ,
265,DataFrameGroupBy,``DataFrameGroupBy`` computations / descriptive stats,count,âœ…,
266,DataFrameGroupBy,``DataFrameGroupBy`` computations / descriptive stats,cov,âŒ,
267,DataFrameGroupBy,``DataFrameGroupBy`` computations / descriptive stats,cumcount,ğŸŸ¡,phase 2
268,DataFrameGroupBy,``DataFrameGroupBy`` computations / descriptive stats,cummax,âœ…,phase 2
269,DataFrameGroupBy,``DataFrameGroupBy`` computations / descriptive stats,cummin,âœ…,phase 2
270,DataFrameGroupBy,``DataFrameGroupBy`` computations / descriptive stats,cumprod,âŒ,
271,DataFrameGroupBy,``DataFrameGroupBy`` computations / descriptive stats,cumsum,âœ…,phase 2
272,DataFrameGroupBy,``DataFrameGroupBy`` computations / descriptive stats,describe,âŒ,
273,DataFrameGroupBy,``DataFrameGroupBy`` computations / descriptive stats,diff,âŒ,
274,DataFrameGroupBy,``DataFrameGroupBy`` computations / descriptive stats,ffill,âŒ,
275,DataFrameGroupBy,``DataFrameGroupBy`` computations / descriptive stats,fillna,âŒ,
276,DataFrameGroupBy,``DataFrameGroupBy`` computations / descriptive stats,first,ğŸŸ¡,
277,DataFrameGroupBy,``DataFrameGroupBy`` computations / descriptive stats,head,âœ…,phase 2
278,DataFrameGroupBy,``DataFrameGroupBy`` computations / descriptive stats,idxmax,ğŸŸ¡,phase 2
279,DataFrameGroupBy,``DataFrameGroupBy`` computations / descriptive stats,idxmin,ğŸŸ¡,phase 2
280,DataFrameGroupBy,``DataFrameGroupBy`` computations / descriptive stats,last,ğŸŸ¡,
281,DataFrameGroupBy,``DataFrameGroupBy`` computations / descriptive stats,max,ğŸŸ¡,
282,DataFrameGroupBy,``DataFrameGroupBy`` computations / descriptive stats,mean,âœ…,
283,DataFrameGroupBy,``DataFrameGroupBy`` computations / descriptive stats,median,âœ…,
284,DataFrameGroupBy,``DataFrameGroupBy`` computations / descriptive stats,min,ğŸŸ¡,
285,DataFrameGroupBy,``DataFrameGroupBy`` computations / descriptive stats,ngroup,âŒ,
286,DataFrameGroupBy,``DataFrameGroupBy`` computations / descriptive stats,nth,âŒ,
287,DataFrameGroupBy,``DataFrameGroupBy`` computations / descriptive stats,nunique,âœ…,
288,DataFrameGroupBy,``DataFrameGroupBy`` computations / descriptive stats,ohlc,âŒ,
289,DataFrameGroupBy,``DataFrameGroupBy`` computations / descriptive stats,pct_change,âŒ,
290,DataFrameGroupBy,``DataFrameGroupBy`` computations / descriptive stats,prod,âŒ,
291,DataFrameGroupBy,``DataFrameGroupBy`` computations / descriptive stats,quantile,ğŸŸ¡,
292,DataFrameGroupBy,``DataFrameGroupBy`` computations / descriptive stats,rank,ğŸŸ¡,phase 2
293,DataFrameGroupBy,``DataFrameGroupBy`` computations / descriptive stats,resample,âŒ,
294,DataFrameGroupBy,``DataFrameGroupBy`` computations / descriptive stats,rolling,âŒ,
295,DataFrameGroupBy,``DataFrameGroupBy`` computations / descriptive stats,sample,âŒ,
296,DataFrameGroupBy,``DataFrameGroupBy`` computations / descriptive stats,sem,âŒ,
297,DataFrameGroupBy,``DataFrameGroupBy`` computations / descriptive stats,shift,ğŸŸ¡,phase 2
298,DataFrameGroupBy,``DataFrameGroupBy`` computations / descriptive stats,size,ğŸŸ¡,
299,DataFrameGroupBy,``DataFrameGroupBy`` computations / descriptive stats,skew,âŒ,
300,DataFrameGroupBy,``DataFrameGroupBy`` computations / descriptive stats,std,ğŸŸ¡,
301,DataFrameGroupBy,``DataFrameGroupBy`` computations / descriptive stats,sum,ğŸŸ¡,
302,DataFrameGroupBy,``DataFrameGroupBy`` computations / descriptive stats,tail,âœ…,phase 2
303,DataFrameGroupBy,``DataFrameGroupBy`` computations / descriptive stats,take,âŒ,
304,DataFrameGroupBy,``DataFrameGroupBy`` computations / descriptive stats,value_counts,âŒ,
305,DataFrameGroupBy,``DataFrameGroupBy`` computations / descriptive stats,var,ğŸŸ¡,
306,DatetimeIndex,Conversion,as_unit,âŒ,
307,DatetimeIndex,Conversion,to_frame,âŒ,
308,DatetimeIndex,Conversion,to_period,âŒ,
309,DatetimeIndex,Conversion,to_pydatetime,âŒ,
310,DatetimeIndex,Conversion,to_series,âŒ,
311,DatetimeIndex,Methods,mean,âŒ,
312,DatetimeIndex,Methods,std,âŒ,
313,DatetimeIndex,Selecting,indexer_at_time,âŒ,
314,DatetimeIndex,Selecting,indexer_between_time,âŒ,
315,DatetimeIndex,Time-specific operations,ceil,âŒ,
316,DatetimeIndex,Time-specific operations,day_name,âŒ,
317,DatetimeIndex,Time-specific operations,floor,âŒ,
318,DatetimeIndex,Time-specific operations,month_name,âŒ,
319,DatetimeIndex,Time-specific operations,normalize,âŒ,
320,DatetimeIndex,Time-specific operations,round,âŒ,
321,DatetimeIndex,Time-specific operations,snap,âŒ,
322,DatetimeIndex,Time-specific operations,strftime,âŒ,
323,DatetimeIndex,Time-specific operations,tz_convert,âœ…,
324,DatetimeIndex,Time-specific operations,tz_localize,âœ…,
325,DatetimeIndex,Time/date components,date,âœ…,
326,DatetimeIndex,Time/date components,day,âœ…,
327,DatetimeIndex,Time/date components,day_of_week,âœ…,
328,DatetimeIndex,Time/date components,day_of_year,âœ…,
329,DatetimeIndex,Time/date components,dayofweek,âœ…,
330,DatetimeIndex,Time/date components,dayofyear,âœ…,
331,DatetimeIndex,Time/date components,freq,âœ…,
332,DatetimeIndex,Time/date components,freqstr,âœ…,
333,DatetimeIndex,Time/date components,hour,âœ…,
334,DatetimeIndex,Time/date components,inferred_freq,âŒ,
335,DatetimeIndex,Time/date components,is_leap_year,âŒ,
336,DatetimeIndex,Time/date components,is_month_end,âŒ,
337,DatetimeIndex,Time/date components,is_month_start,âœ…,
338,DatetimeIndex,Time/date components,is_quarter_end,âŒ,
339,DatetimeIndex,Time/date components,is_quarter_start,âŒ,
340,DatetimeIndex,Time/date components,is_year_end,âœ…,
341,DatetimeIndex,Time/date components,is_year_start,âŒ,
342,DatetimeIndex,Time/date components,microsecond,âŒ,
343,DatetimeIndex,Time/date components,minute,âœ…,
344,DatetimeIndex,Time/date components,month,âœ…,
345,DatetimeIndex,Time/date components,nanosecond,âŒ,
346,DatetimeIndex,Time/date components,quarter,âœ…,
347,DatetimeIndex,Time/date components,second,âœ…,
348,DatetimeIndex,Time/date components,time,âŒ,
349,DatetimeIndex,Time/date components,timetz,âŒ,
350,DatetimeIndex,Time/date components,tz,âœ…,
351,DatetimeIndex,Time/date components,weekday,âœ…,
352,DatetimeIndex,Time/date components,year,âœ…,
353,Expanding,Expanding window functions,aggregate,âŒ,
354,Expanding,Expanding window functions,apply,âŒ,
355,Expanding,Expanding window functions,corr,âŒ,
356,Expanding,Expanding window functions,count,âŒ,
357,Expanding,Expanding window functions,cov,âŒ,
358,Expanding,Expanding window functions,kurt,âŒ,
359,Expanding,Expanding window functions,max,âŒ,
360,Expanding,Expanding window functions,mean,âŒ,
361,Expanding,Expanding window functions,median,âŒ,
362,Expanding,Expanding window functions,min,âŒ,
363,Expanding,Expanding window functions,quantile,âŒ,
364,Expanding,Expanding window functions,rank,âŒ,
365,Expanding,Expanding window functions,sem,âŒ,
366,Expanding,Expanding window functions,skew,âŒ,
367,Expanding,Expanding window functions,std,âŒ,
368,Expanding,Expanding window functions,sum,âŒ,
369,Expanding,Expanding window functions,var,âŒ,
370,ExponentialMovingWindow,Exponentially-weighted window functions,corr,âŒ,
371,ExponentialMovingWindow,Exponentially-weighted window functions,cov,âŒ,
372,ExponentialMovingWindow,Exponentially-weighted window functions,mean,âŒ,
373,ExponentialMovingWindow,Exponentially-weighted window functions,std,âŒ,
374,ExponentialMovingWindow,Exponentially-weighted window functions,sum,âŒ,
375,ExponentialMovingWindow,Exponentially-weighted window functions,var,âŒ,
376,Index,Combining / joining / set operations,append,âŒ,
377,Index,Combining / joining / set operations,difference,âœ…,
378,Index,Combining / joining / set operations,intersection,âœ…,
379,Index,Combining / joining / set operations,join,âŒ,
380,Index,Combining / joining / set operations,symmetric_difference,âŒ,
381,Index,Combining / joining / set operations,union,âœ…,
382,Index,Compatibility with MultiIndex,droplevel,âŒ,
383,Index,Compatibility with MultiIndex,set_names,âœ…,
384,Index,Conversion,astype,âœ…,
385,Index,Conversion,item,âœ…,
386,Index,Conversion,map,âŒ,
387,Index,Conversion,ravel,âŒ,
388,Index,Conversion,to_frame,âœ…,
389,Index,Conversion,to_list,âœ…,
390,Index,Conversion,to_series,âœ…,
391,Index,Conversion,view,âŒ,
392,Index,Missing values,dropna,âŒ,
393,Index,Missing values,fillna,âŒ,
394,Index,Missing values,isna,âŒ,
395,Index,Missing values,notna,âŒ,
396,Index,Modifying and computations,all,âŒ,
397,Index,Modifying and computations,any,âŒ,
398,Index,Modifying and computations,argmax,âŒ,
399,Index,Modifying and computations,argmin,âŒ,
400,Index,Modifying and computations,copy,âœ…,
401,Index,Modifying and computations,delete,âŒ,
402,Index,Modifying and computations,drop,âœ…,
403,Index,Modifying and computations,drop_duplicates,âŒ,
404,Index,Modifying and computations,duplicated,âœ…,
405,Index,Modifying and computations,equals,âœ…,
406,Index,Modifying and computations,factorize,âŒ,
407,Index,Modifying and computations,identical,âŒ,
408,Index,Modifying and computations,insert,âŒ,
409,Index,Modifying and computations,is_,âŒ,
410,Index,Modifying and computations,is_boolean,âŒ,
411,Index,Modifying and computations,is_categorical,âŒ,
412,Index,Modifying and computations,is_floating,âŒ,
413,Index,Modifying and computations,is_integer,âŒ,
414,Index,Modifying and computations,is_interval,âŒ,
415,Index,Modifying and computations,is_numeric,âŒ,
416,Index,Modifying and computations,is_object,âŒ,
417,Index,Modifying and computations,max,âŒ,
418,Index,Modifying and computations,min,âŒ,
419,Index,Modifying and computations,nunique,âŒ,
420,Index,Modifying and computations,putmask,âŒ,
421,Index,Modifying and computations,reindex,âŒ,
422,Index,Modifying and computations,rename,âŒ,
423,Index,Modifying and computations,repeat,âŒ,
424,Index,Modifying and computations,take,âŒ,
425,Index,Modifying and computations,unique,âœ…,
426,Index,Modifying and computations,value_counts,âœ…,
427,Index,Modifying and computations,where,âŒ,
428,Index,Properties,T,âœ…,
429,Index,Properties,dtype,âœ…,
430,Index,Properties,empty,âœ…,
431,Index,Properties,has_duplicates,âœ…,
432,Index,Properties,hasnans,âŒ,
433,Index,Properties,inferred_type,âŒ,
434,Index,Properties,is_monotonic_decreasing,âŒ,
435,Index,Properties,is_monotonic_increasing,âŒ,
436,Index,Properties,is_unique,âœ…,
437,Index,Properties,memory_usage,âŒ,
438,Index,Properties,name,âœ…,
439,Index,Properties,names,âœ…,
440,Index,Properties,nbytes,âŒ,
441,Index,Properties,ndim,âœ…,
442,Index,Properties,shape,âœ…,
443,Index,Properties,size,âœ…,
444,Index,Properties,values,âœ…,
445,Index,Selecting,asof,âŒ,
446,Index,Selecting,asof_locs,âŒ,
447,Index,Selecting,get_indexer,âŒ,
448,Index,Selecting,get_indexer_for,âœ…,
449,Index,Selecting,get_indexer_non_unique,âŒ,
450,Index,Selecting,get_level_values,âœ…,
451,Index,Selecting,get_loc,âŒ,
452,Index,Selecting,get_slice_bound,âŒ,
453,Index,Selecting,isin,âŒ,
454,Index,Selecting,slice_indexer,âœ…,
455,Index,Selecting,slice_locs,âŒ,
456,Index,Sorting,argsort,âŒ,
457,Index,Sorting,searchsorted,âŒ,
458,Index,Sorting,sort_values,âœ…,
459,Index,Time-specific operations,shift,âŒ,
460,IntervalIndex,IntervalIndex components,closed,âŒ,
461,IntervalIndex,IntervalIndex components,contains,âŒ,
462,IntervalIndex,IntervalIndex components,from_arrays,âŒ,
463,IntervalIndex,IntervalIndex components,from_breaks,âœ…,
464,IntervalIndex,IntervalIndex components,from_tuples,âŒ,
465,IntervalIndex,IntervalIndex components,get_indexer,âœ…,
466,IntervalIndex,IntervalIndex components,get_loc,âŒ,
467,IntervalIndex,IntervalIndex components,is_empty,âŒ,
468,IntervalIndex,IntervalIndex components,is_non_overlapping_monotonic,âŒ,
469,IntervalIndex,IntervalIndex components,is_overlapping,âœ…,
470,IntervalIndex,IntervalIndex components,left,âŒ,
471,IntervalIndex,IntervalIndex components,length,âŒ,
472,IntervalIndex,IntervalIndex components,mid,âŒ,
473,IntervalIndex,IntervalIndex components,overlaps,âŒ,
474,IntervalIndex,IntervalIndex components,right,âŒ,
475,IntervalIndex,IntervalIndex components,set_closed,âŒ,
476,IntervalIndex,IntervalIndex components,to_tuples,âŒ,
477,IntervalIndex,IntervalIndex components,values,âŒ,
478,MultiIndex,MultiIndex components,append,âœ…,
479,MultiIndex,MultiIndex components,copy,âœ…,
480,MultiIndex,MultiIndex components,drop,âœ…,
481,MultiIndex,MultiIndex components,droplevel,âœ…,
482,MultiIndex,MultiIndex components,remove_unused_levels,âœ…,
483,MultiIndex,MultiIndex components,reorder_levels,âœ…,
484,MultiIndex,MultiIndex components,set_codes,âŒ,
485,MultiIndex,MultiIndex components,set_levels,âŒ,
486,MultiIndex,MultiIndex components,sortlevel,âœ…,
487,MultiIndex,MultiIndex components,swaplevel,âŒ,
488,MultiIndex,MultiIndex components,to_flat_index,âŒ,
489,MultiIndex,MultiIndex components,to_frame,âœ…,
490,MultiIndex,MultiIndex components,truncate,âŒ,
491,MultiIndex,MultiIndex constructors,from_arrays,âœ…,
492,MultiIndex,MultiIndex constructors,from_frame,âœ…,
493,MultiIndex,MultiIndex constructors,from_product,âœ…,
494,MultiIndex,MultiIndex constructors,from_tuples,âœ…,
495,MultiIndex,MultiIndex properties,codes,âœ…,
496,MultiIndex,MultiIndex properties,dtypes,âŒ,
497,MultiIndex,MultiIndex properties,levels,âŒ,
498,MultiIndex,MultiIndex properties,levshape,âœ…,
499,MultiIndex,MultiIndex properties,names,âœ…,
500,MultiIndex,MultiIndex properties,nlevels,âœ…,
501,MultiIndex,MultiIndex selecting,get_indexer,âœ…,
502,MultiIndex,MultiIndex selecting,get_level_values,âœ…,
503,MultiIndex,MultiIndex selecting,get_loc,âœ…,
504,MultiIndex,MultiIndex selecting,get_loc_level,âŒ,
505,MultiIndex,MultiIndex selecting,get_locs,âœ…,
506,PeriodIndex,Methods,asfreq,âŒ,
507,PeriodIndex,Methods,strftime,âŒ,
508,PeriodIndex,Methods,to_timestamp,âŒ,
509,PeriodIndex,Properties,day,âŒ,
510,PeriodIndex,Properties,day_of_week,âŒ,
511,PeriodIndex,Properties,day_of_year,âŒ,
512,PeriodIndex,Properties,dayofweek,âŒ,
513,PeriodIndex,Properties,dayofyear,âŒ,
514,PeriodIndex,Properties,days_in_month,âŒ,
515,PeriodIndex,Properties,daysinmonth,âŒ,
516,PeriodIndex,Properties,end_time,âŒ,
517,PeriodIndex,Properties,freq,âŒ,
518,PeriodIndex,Properties,freqstr,âŒ,
519,PeriodIndex,Properties,hour,âŒ,
520,PeriodIndex,Properties,is_leap_year,âŒ,
521,PeriodIndex,Properties,minute,âŒ,
522,PeriodIndex,Properties,month,âŒ,
523,PeriodIndex,Properties,quarter,âŒ,
524,PeriodIndex,Properties,qyear,âŒ,
525,PeriodIndex,Properties,second,âŒ,
526,PeriodIndex,Properties,start_time,âŒ,
527,PeriodIndex,Properties,week,âŒ,
528,PeriodIndex,Properties,weekday,âŒ,
529,PeriodIndex,Properties,weekofyear,âŒ,
530,PeriodIndex,Properties,year,âŒ,
531,RangeIndex,Numeric Index,from_range,âŒ,
532,RangeIndex,Numeric Index,start,âœ…,
533,RangeIndex,Numeric Index,step,âœ…,
534,RangeIndex,Numeric Index,stop,âœ…,
535,Resampler,Computations / descriptive stats,count,âœ…,
536,Resampler,Computations / descriptive stats,first,âœ…,
537,Resampler,Computations / descriptive stats,last,âœ…,
538,Resampler,Computations / descriptive stats,max,ğŸŸ¡,phase 2
539,Resampler,Computations / descriptive stats,mean,ğŸŸ¡,phase 2
540,Resampler,Computations / descriptive stats,median,âœ…,
541,Resampler,Computations / descriptive stats,min,ğŸŸ¡,
542,Resampler,Computations / descriptive stats,nunique,âŒ,
543,Resampler,Computations / descriptive stats,ohlc,âŒ,
544,Resampler,Computations / descriptive stats,prod,âŒ,
545,Resampler,Computations / descriptive stats,quantile,âŒ,
546,Resampler,Computations / descriptive stats,sem,âŒ,
547,Resampler,Computations / descriptive stats,size,âœ…,
548,Resampler,Computations / descriptive stats,std,âœ…,phase 2
549,Resampler,Computations / descriptive stats,sum,âœ…,phase 2
550,Resampler,Computations / descriptive stats,var,âœ…,phase 2
551,Resampler,Function application,aggregate,âŒ,
552,Resampler,Function application,apply,âŒ,
553,Resampler,Function application,pipe,âŒ,
554,Resampler,Function application,transform,âŒ,
555,Resampler,"Indexing, iteration",__iter__,âŒ,
556,Resampler,"Indexing, iteration",get_group,âŒ,
557,Resampler,"Indexing, iteration",groups,âŒ,
558,Resampler,"Indexing, iteration",indices,âŒ,
559,Resampler,Upsampling,asfreq,âŒ,
560,Resampler,Upsampling,bfill,âŒ,
561,Resampler,Upsampling,ffill,ğŸŸ¡,
562,Resampler,Upsampling,fillna,âŒ,
563,Resampler,Upsampling,interpolate,âŒ,
564,Resampler,Upsampling,nearest,âŒ,
565,Rolling,Rolling window functions,aggregate,âŒ,
566,Rolling,Rolling window functions,apply,âŒ,
567,Rolling,Rolling window functions,corr,âŒ,
568,Rolling,Rolling window functions,count,âœ…,
569,Rolling,Rolling window functions,cov,âŒ,
570,Rolling,Rolling window functions,kurt,âŒ,
571,Rolling,Rolling window functions,max,âœ…,phase 2
572,Rolling,Rolling window functions,mean,âœ…,phase 2
573,Rolling,Rolling window functions,median,âŒ,
574,Rolling,Rolling window functions,min,âœ…,phase 2
575,Rolling,Rolling window functions,quantile,âŒ,
576,Rolling,Rolling window functions,rank,âŒ,
577,Rolling,Rolling window functions,sem,âœ…,
578,Rolling,Rolling window functions,skew,âŒ,
579,Rolling,Rolling window functions,std,âœ…,phase 2
580,Rolling,Rolling window functions,sum,ğŸŸ¡,phase 2
581,Rolling,Rolling window functions,var,âœ…,phase 2
582,Series,Attributes,T,âœ…,phase 1
583,Series,Attributes,array,âŒ,
584,Series,Attributes,dtype,âœ…,
585,Series,Attributes,dtypes,âœ…,
586,Series,Attributes,empty,âœ…,phase 1
587,Series,Attributes,flags,âŒ,
588,Series,Attributes,hasnans,âŒ,
589,Series,Attributes,index,âœ…,phase 1
590,Series,Attributes,memory_usage,âœ…,
591,Series,Attributes,name,âœ…,
592,Series,Attributes,nbytes,âŒ,
593,Series,Attributes,ndim,âœ…,
594,Series,Attributes,set_flags,âŒ,
595,Series,Attributes,shape,âœ…,phase 1
596,Series,Attributes,size,âœ…,phase 1
597,Series,Attributes,values,âœ…,phase 1
598,Series,Binary operator functions,add,ğŸŸ¡,phase 1
599,Series,Binary operator functions,combine,âŒ,
600,Series,Binary operator functions,combine_first,âŒ,
601,Series,Binary operator functions,div,âœ…,
602,Series,Binary operator functions,dot,âŒ,
603,Series,Binary operator functions,eq,âœ…,
604,Series,Binary operator functions,floordiv,âœ…,
605,Series,Binary operator functions,ge,âœ…,
606,Series,Binary operator functions,gt,âœ…,
607,Series,Binary operator functions,le,âœ…,
608,Series,Binary operator functions,lt,âœ…,
609,Series,Binary operator functions,mod,ğŸŸ¡,
610,Series,Binary operator functions,mul,âœ…,
611,Series,Binary operator functions,ne,âœ…,
612,Series,Binary operator functions,pow,âœ…,
613,Series,Binary operator functions,product,âŒ,
614,Series,Binary operator functions,radd,âœ…,
615,Series,Binary operator functions,rdiv,âœ…,
616,Series,Binary operator functions,rfloordiv,âœ…,
617,Series,Binary operator functions,rmod,âœ…,
618,Series,Binary operator functions,rmul,âœ…,
619,Series,Binary operator functions,round,âœ…,phase 2
620,Series,Binary operator functions,rpow,âœ…,
621,Series,Binary operator functions,rsub,âœ…,
622,Series,Binary operator functions,rtruediv,âœ…,
623,Series,Binary operator functions,sub,âœ…,phase 1
624,Series,Binary operator functions,truediv,âœ…,
625,Series,Categorical accessor,cat.add_categories,âŒ,
626,Series,Categorical accessor,cat.as_ordered,âŒ,
627,Series,Categorical accessor,cat.as_unordered,âŒ,
628,Series,Categorical accessor,cat.categories,âŒ,
629,Series,Categorical accessor,cat.codes,âŒ,
630,Series,Categorical accessor,cat.ordered,âŒ,
631,Series,Categorical accessor,cat.remove_categories,âŒ,
632,Series,Categorical accessor,cat.remove_unused_categories,âŒ,
633,Series,Categorical accessor,cat.rename_categories,âŒ,
634,Series,Categorical accessor,cat.reorder_categories,âŒ,
635,Series,Categorical accessor,cat.set_categories,âŒ,
636,Series,Combining / comparing / joining / merging,compare,âŒ,
637,Series,Combining / comparing / joining / merging,update,âŒ,
638,Series,Computations / descriptive stats,abs,âœ…,
639,Series,Computations / descriptive stats,all,ğŸŸ¡,
640,Series,Computations / descriptive stats,any,ğŸŸ¡,
641,Series,Computations / descriptive stats,autocorr,âŒ,
642,Series,Computations / descriptive stats,between,âŒ,
643,Series,Computations / descriptive stats,clip,âŒ,
644,Series,Computations / descriptive stats,corr,âŒ,
645,Series,Computations / descriptive stats,count,âœ…,phase 1
646,Series,Computations / descriptive stats,cov,âŒ,
647,Series,Computations / descriptive stats,cummax,âœ…,phase 2
648,Series,Computations / descriptive stats,cummin,âœ…,phase 2
649,Series,Computations / descriptive stats,cumprod,âŒ,
650,Series,Computations / descriptive stats,cumsum,âœ…,phase 2
651,Series,Computations / descriptive stats,describe,âœ…,phase 2
652,Series,Computations / descriptive stats,diff,âœ…,phase 2
653,Series,Computations / descriptive stats,factorize,âŒ,
654,Series,Computations / descriptive stats,is_monotonic_decreasing,âŒ,
655,Series,Computations / descriptive stats,is_monotonic_increasing,âŒ,
656,Series,Computations / descriptive stats,is_unique,âŒ,
657,Series,Computations / descriptive stats,kurt,âŒ,
658,Series,Computations / descriptive stats,kurtosis,âŒ,
659,Series,Computations / descriptive stats,max,âœ…,phase 1
660,Series,Computations / descriptive stats,mean,âœ…,phase 1
661,Series,Computations / descriptive stats,median,âœ…,phase 1
662,Series,Computations / descriptive stats,min,âœ…,phase 1
663,Series,Computations / descriptive stats,mode,âŒ,
664,Series,Computations / descriptive stats,nlargest,ğŸŸ¡,
665,Series,Computations / descriptive stats,nsmallest,ğŸŸ¡,
666,Series,Computations / descriptive stats,nunique,âœ…,phase 1
667,Series,Computations / descriptive stats,pct_change,ğŸŸ¡,
668,Series,Computations / descriptive stats,prod,âŒ,
669,Series,Computations / descriptive stats,quantile,ğŸŸ¡,phase 1
670,Series,Computations / descriptive stats,rank,âœ…,phase 2
671,Series,Computations / descriptive stats,sem,âŒ,
672,Series,Computations / descriptive stats,skew,âœ…,phase 2
673,Series,Computations / descriptive stats,std,âœ…,phase 1
674,Series,Computations / descriptive stats,sum,âœ…,phase 1
675,Series,Computations / descriptive stats,unique,âœ…,phase 1
676,Series,Computations / descriptive stats,value_counts,ğŸŸ¡,phase 2
677,Series,Computations / descriptive stats,var,âœ…,phase 1
678,Series,Conversion,__array__,âœ…,
679,Series,Conversion,astype,ğŸŸ¡,phase 1
680,Series,Conversion,bool,âŒ,
681,Series,Conversion,convert_dtypes,âŒ,
682,Series,Conversion,copy,âœ…,phase 1
683,Series,Conversion,infer_objects,âŒ,
684,Series,Conversion,to_list,âœ…,phase 1
685,Series,Conversion,to_numpy,âœ…,phase 1
686,Series,Conversion,to_period,âŒ,
687,Series,Conversion,to_timestamp,âŒ,
688,Series,Datetime methods,dt.as_unit,âŒ,
689,Series,Datetime methods,dt.ceil,âŒ,
690,Series,Datetime methods,dt.day_name,âŒ,
691,Series,Datetime methods,dt.floor,âŒ,
692,Series,Datetime methods,dt.isocalendar,âœ…,
693,Series,Datetime methods,dt.month_name,âŒ,
694,Series,Datetime methods,dt.normalize,âŒ,
695,Series,Datetime methods,dt.round,âŒ,
696,Series,Datetime methods,dt.strftime,âŒ,
697,Series,Datetime methods,dt.to_period,âŒ,
698,Series,Datetime methods,dt.to_pydatetime,âŒ,
699,Series,Datetime methods,dt.tz_convert,âŒ,
700,Series,Datetime methods,dt.tz_localize,âŒ,
701,Series,Datetime properties,dt.date,âœ…,
702,Series,Datetime properties,dt.day,âœ…,
703,Series,Datetime properties,dt.day_of_week,âœ…,
704,Series,Datetime properties,dt.day_of_year,âœ…,
705,Series,Datetime properties,dt.dayofweek,âœ…,
706,Series,Datetime properties,dt.dayofyear,âœ…,
707,Series,Datetime properties,dt.days_in_month,âŒ,
708,Series,Datetime properties,dt.daysinmonth,âŒ,
709,Series,Datetime properties,dt.freq,âŒ,
710,Series,Datetime properties,dt.hour,âœ…,
711,Series,Datetime properties,dt.is_leap_year,âŒ,
712,Series,Datetime properties,dt.is_month_end,âŒ,
713,Series,Datetime properties,dt.is_month_start,âŒ,
714,Series,Datetime properties,dt.is_quarter_end,âŒ,
715,Series,Datetime properties,dt.is_quarter_start,âŒ,
716,Series,Datetime properties,dt.is_year_end,âŒ,
717,Series,Datetime properties,dt.is_year_start,âŒ,
718,Series,Datetime properties,dt.microsecond,âŒ,
719,Series,Datetime properties,dt.minute,âœ…,
720,Series,Datetime properties,dt.month,âœ…,
721,Series,Datetime properties,dt.nanosecond,âŒ,
722,Series,Datetime properties,dt.quarter,âœ…,
723,Series,Datetime properties,dt.second,âœ…,
724,Series,Datetime properties,dt.time,âŒ,
725,Series,Datetime properties,dt.timetz,âŒ,
726,Series,Datetime properties,dt.tz,âŒ,
727,Series,Datetime properties,dt.unit,âŒ,
728,Series,Datetime properties,dt.weekday,âŒ,
729,Series,Datetime properties,dt.year,âœ…,
730,Series,"Function application, GroupBy & window",agg,ğŸŸ¡,phase 1
731,Series,"Function application, GroupBy & window",aggregate,âœ…,
732,Series,"Function application, GroupBy & window",apply,ğŸŸ¡,phase 1
733,Series,"Function application, GroupBy & window",ewm,âŒ,
734,Series,"Function application, GroupBy & window",expanding,âœ…,
735,Series,"Function application, GroupBy & window",groupby,âœ…,phase 1
736,Series,"Function application, GroupBy & window",map,ğŸŸ¡,on-hold
737,Series,"Function application, GroupBy & window",pipe,âŒ,
738,Series,"Function application, GroupBy & window",rolling,âœ…,phase 2
739,Series,"Function application, GroupBy & window",transform,âŒ,
740,Series,"Indexing, iteration",__iter__,âœ…,
741,Series,"Indexing, iteration",at,âœ…,
742,Series,"Indexing, iteration",get,âŒ,on-hold
743,Series,"Indexing, iteration",iat,âœ…,
744,Series,"Indexing, iteration",iloc,âœ…,phase 1
745,Series,"Indexing, iteration",item,âŒ,
746,Series,"Indexing, iteration",items,âŒ,on-hold
747,Series,"Indexing, iteration",keys,âŒ,on-hold
748,Series,"Indexing, iteration",loc,âœ…,phase 1
749,Series,"Indexing, iteration",pop,âŒ,
750,Series,"Indexing, iteration",xs,âŒ,
751,Series,Metadata,attrs,âŒ,
752,Series,Missing data handling,backfill,âŒ,
753,Series,Missing data handling,bfill,âŒ,
754,Series,Missing data handling,dropna,âœ…,phase 1
755,Series,Missing data handling,ffill,âœ…,
756,Series,Missing data handling,fillna,âœ…,phase 1
757,Series,Missing data handling,interpolate,âŒ,
758,Series,Missing data handling,isna,âœ…,phase 1
759,Series,Missing data handling,isnull,âœ…,phase 1
760,Series,Missing data handling,notna,âœ…,phase 1
761,Series,Missing data handling,notnull,âœ…,phase 1
762,Series,Missing data handling,pad,âœ…,
763,Series,Missing data handling,replace,ğŸŸ¡,phase 2
764,Series,Period properties,dt.end_time,âŒ,
765,Series,Period properties,dt.qyear,âŒ,
766,Series,Period properties,dt.start_time,âŒ,
767,Series,Plotting,hist,âŒ,
768,Series,Plotting,plot,âŒ,
769,Series,Plotting,plot.area,âŒ,
770,Series,Plotting,plot.bar,âŒ,
771,Series,Plotting,plot.barh,âŒ,
772,Series,Plotting,plot.box,âŒ,
773,Series,Plotting,plot.density,âŒ,
774,Series,Plotting,plot.hist,âŒ,
775,Series,Plotting,plot.kde,âŒ,
776,Series,Plotting,plot.line,âŒ,
777,Series,Plotting,plot.pie,âŒ,
778,Series,Plotting and visualization,hist,âŒ,
779,Series,Plotting and visualization,plot,âŒ,
780,Series,Plotting and visualization,plot.area,âŒ,
781,Series,Plotting and visualization,plot.bar,âŒ,
782,Series,Plotting and visualization,plot.barh,âŒ,
783,Series,Plotting and visualization,plot.box,âŒ,
784,Series,Plotting and visualization,plot.density,âŒ,
785,Series,Plotting and visualization,plot.hist,âŒ,
786,Series,Plotting and visualization,plot.kde,âŒ,
787,Series,Plotting and visualization,plot.line,âŒ,
788,Series,Plotting and visualization,plot.pie,âŒ,
789,Series,Reindexing / selection / label manipulation,add_prefix,âœ…,phase 2
790,Series,Reindexing / selection / label manipulation,add_suffix,âœ…,phase 2
791,Series,Reindexing / selection / label manipulation,align,âŒ,
792,Series,Reindexing / selection / label manipulation,drop,âŒ,phase 1
793,Series,Reindexing / selection / label manipulation,drop_duplicates,âœ…,phase 2
794,Series,Reindexing / selection / label manipulation,droplevel,âŒ,
795,Series,Reindexing / selection / label manipulation,duplicated,âœ…,phase 2
796,Series,Reindexing / selection / label manipulation,equals,âŒ,
797,Series,Reindexing / selection / label manipulation,filter,âŒ,on-hold
798,Series,Reindexing / selection / label manipulation,first,âŒ,on-hold
799,Series,Reindexing / selection / label manipulation,head,âœ…,phase 1
800,Series,Reindexing / selection / label manipulation,idxmax,ğŸŸ¡,phase 2
801,Series,Reindexing / selection / label manipulation,idxmin,ğŸŸ¡,phase 2
802,Series,Reindexing / selection / label manipulation,isin,âœ…,phase 2
803,Series,Reindexing / selection / label manipulation,last,âŒ,
804,Series,Reindexing / selection / label manipulation,mask,âœ…,
805,Series,Reindexing / selection / label manipulation,reindex,âŒ,
806,Series,Reindexing / selection / label manipulation,reindex_like,âŒ,
807,Series,Reindexing / selection / label manipulation,rename,ğŸŸ¡,phase 1
808,Series,Reindexing / selection / label manipulation,rename_axis,âŒ,
809,Series,Reindexing / selection / label manipulation,reset_index,âœ…,phase 1
810,Series,Reindexing / selection / label manipulation,sample,ğŸŸ¡,phase 2
811,Series,Reindexing / selection / label manipulation,set_axis,âœ…,
812,Series,Reindexing / selection / label manipulation,tail,âœ…,phase 1
813,Series,Reindexing / selection / label manipulation,take,âœ…,
814,Series,Reindexing / selection / label manipulation,truncate,âŒ,
815,Series,Reindexing / selection / label manipulation,where,âœ…,phase 1
816,Series,"Reshaping, sorting",argmax,âŒ,
817,Series,"Reshaping, sorting",argmin,âŒ,
818,Series,"Reshaping, sorting",argsort,âŒ,
819,Series,"Reshaping, sorting",explode,âŒ,
820,Series,"Reshaping, sorting",ravel,âŒ,
821,Series,"Reshaping, sorting",reorder_levels,âŒ,
822,Series,"Reshaping, sorting",repeat,âŒ,
823,Series,"Reshaping, sorting",searchsorted,âŒ,
824,Series,"Reshaping, sorting",sort_index,ğŸŸ¡,phase 2
825,Series,"Reshaping, sorting",sort_values,ğŸŸ¡,phase 1
826,Series,"Reshaping, sorting",squeeze,âœ…,
827,Series,"Reshaping, sorting",swaplevel,âŒ,
828,Series,"Reshaping, sorting",unstack,âŒ,
829,Series,"Reshaping, sorting",view,âŒ,
830,Series,Serialization / IO / conversion,to_clipboard,âŒ,
831,Series,Serialization / IO / conversion,to_csv,âŒ,
832,Series,Serialization / IO / conversion,to_dict,âœ…,phase 2
833,Series,Serialization / IO / conversion,to_excel,âŒ,
834,Series,Serialization / IO / conversion,to_frame,âœ…,
835,Series,Serialization / IO / conversion,to_hdf,âŒ,
836,Series,Serialization / IO / conversion,to_json,âŒ,
837,Series,Serialization / IO / conversion,to_latex,âŒ,
838,Series,Serialization / IO / conversion,to_markdown,âŒ,
839,Series,Serialization / IO / conversion,to_pickle,âŒ,
840,Series,Serialization / IO / conversion,to_sql,âŒ,
841,Series,Serialization / IO / conversion,to_string,âŒ,
842,Series,Serialization / IO / conversion,to_xarray,âŒ,
843,Series,Sparse accessor,sparse.density,âŒ,
844,Series,Sparse accessor,sparse.fill_value,âŒ,
845,Series,Sparse accessor,sparse.from_coo,âŒ,
846,Series,Sparse accessor,sparse.npoints,âŒ,
847,Series,Sparse accessor,sparse.sp_values,âŒ,
848,Series,Sparse accessor,sparse.to_coo,âŒ,
849,Series,String handling,str.capitalize,âœ…,
850,Series,String handling,str.casefold,âŒ,
851,Series,String handling,str.cat,âœ…,
852,Series,String handling,str.center,âŒ,
853,Series,String handling,str.contains,âœ…,phase 2
854,Series,String handling,str.count,âœ…,phase 2
855,Series,String handling,str.decode,âŒ,
856,Series,String handling,str.encode,âŒ,
857,Series,String handling,str.endswith,âœ…,phase 2
858,Series,String handling,str.extract,âŒ,
859,Series,String handling,str.extractall,âŒ,
860,Series,String handling,str.find,âŒ,
861,Series,String handling,str.findall,âŒ,
862,Series,String handling,str.fullmatch,âŒ,
863,Series,String handling,str.get,âœ…,
864,Series,String handling,str.get_dummies,âœ…,
865,Series,String handling,str.index,âŒ,
866,Series,String handling,str.isalnum,âŒ,
867,Series,String handling,str.isalpha,âŒ,
868,Series,String handling,str.isdecimal,âŒ,
869,Series,String handling,str.isdigit,âœ…,phase 2
870,Series,String handling,str.islower,âœ…,phase 2
871,Series,String handling,str.isnumeric,âŒ,
872,Series,String handling,str.isspace,âŒ,
873,Series,String handling,str.istitle,âœ…,
874,Series,String handling,str.isupper,âœ…,phase 2
875,Series,String handling,str.join,âŒ,
876,Series,String handling,str.len,âœ…,phase 2
877,Series,String handling,str.ljust,âŒ,
878,Series,String handling,str.lower,âœ…,phase 2
879,Series,String handling,str.lstrip,âœ…,
880,Series,String handling,str.match,âœ…,
881,Series,String handling,str.normalize,âŒ,
882,Series,String handling,str.pad,âŒ,
883,Series,String handling,str.partition,âŒ,
884,Series,String handling,str.removeprefix,âŒ,
885,Series,String handling,str.removesuffix,âŒ,
886,Series,String handling,str.repeat,âŒ,
887,Series,String handling,str.replace,âœ…,phase 2
888,Series,String handling,str.rfind,âœ…,
889,Series,String handling,str.rindex,âŒ,
890,Series,String handling,str.rjust,âŒ,
891,Series,String handling,str.rpartition,âŒ,
892,Series,String handling,str.rsplit,âŒ,
893,Series,String handling,str.rstrip,âœ…,
894,Series,String handling,str.slice,âœ…,
895,Series,String handling,str.slice_replace,âŒ,
896,Series,String handling,str.split,âœ…,phase 2
897,Series,String handling,str.startswith,âœ…,phase 2
898,Series,String handling,str.strip,âœ…,phase 2
899,Series,String handling,str.swapcase,âŒ,
900,Series,String handling,str.title,âœ…,
901,Series,String handling,str.translate,âœ…,
902,Series,String handling,str.upper,âœ…,phase 2
903,Series,String handling,str.wrap,âŒ,
904,Series,String handling,str.zfill,âŒ,
905,Series,Time Series-related,asfreq,âŒ,
906,Series,Time Series-related,asof,âŒ,
907,Series,Time Series-related,at_time,âŒ,
908,Series,Time Series-related,between_time,âŒ,
909,Series,Time Series-related,first_valid_index,âœ…,phase 2
910,Series,Time Series-related,last_valid_index,âœ…,phase 2
911,Series,Time Series-related,resample,âœ…,phase 1
912,Series,Time Series-related,shift,ğŸŸ¡,phase 2
913,Series,Time Series-related,tz_convert,âŒ,
914,Series,Time Series-related,tz_localize,âŒ,
915,Series,Timedelta methods,dt.as_unit,âŒ,
916,Series,Timedelta methods,dt.to_pytimedelta,âŒ,
917,Series,Timedelta methods,dt.total_seconds,âŒ,
918,Series,Timedelta properties,dt.components,âŒ,
919,Series,Timedelta properties,dt.days,âŒ,
920,Series,Timedelta properties,dt.microseconds,âŒ,
921,Series,Timedelta properties,dt.nanoseconds,âŒ,
922,Series,Timedelta properties,dt.seconds,âŒ,
923,Series,Timedelta properties,dt.unit,âŒ,
924,SeriesGroupBy,Function application,agg,âœ…,
925,SeriesGroupBy,Function application,aggregate,âŒ,
926,SeriesGroupBy,Function application,apply,ğŸŸ¡,phase 2
927,SeriesGroupBy,Function application,filter,âŒ,
928,SeriesGroupBy,Function application,pipe,âŒ,
929,SeriesGroupBy,Function application,transform,ğŸŸ¡,phase 2
930,SeriesGroupBy,"Indexing, iteration",__iter__,âŒ,
931,SeriesGroupBy,"Indexing, iteration",get_group,âŒ,
932,SeriesGroupBy,"Indexing, iteration",groups,âœ…,
933,SeriesGroupBy,"Indexing, iteration",indices,âœ…,
934,SeriesGroupBy,Plotting and visualization,hist,âŒ,
935,SeriesGroupBy,Plotting and visualization,plot,âŒ,
936,SeriesGroupBy,``SeriesGroupBy`` computations / descriptive stats,all,âŒ,
937,SeriesGroupBy,``SeriesGroupBy`` computations / descriptive stats,any,âŒ,
938,SeriesGroupBy,``SeriesGroupBy`` computations / descriptive stats,bfill,âŒ,
939,SeriesGroupBy,``SeriesGroupBy`` computations / descriptive stats,corr,âŒ,
940,SeriesGroupBy,``SeriesGroupBy`` computations / descriptive stats,count,âœ…,
941,SeriesGroupBy,``SeriesGroupBy`` computations / descriptive stats,cov,âŒ,
942,SeriesGroupBy,``SeriesGroupBy`` computations / descriptive stats,cumcount,âœ…,phase 2
943,SeriesGroupBy,``SeriesGroupBy`` computations / descriptive stats,cummax,âœ…,phase 2
944,SeriesGroupBy,``SeriesGroupBy`` computations / descriptive stats,cummin,âœ…,phase 2
945,SeriesGroupBy,``SeriesGroupBy`` computations / descriptive stats,cumprod,âŒ,
946,SeriesGroupBy,``SeriesGroupBy`` computations / descriptive stats,cumsum,âœ…,phase 2
947,SeriesGroupBy,``SeriesGroupBy`` computations / descriptive stats,describe,âŒ,
948,SeriesGroupBy,``SeriesGroupBy`` computations / descriptive stats,diff,âŒ,
949,SeriesGroupBy,``SeriesGroupBy`` computations / descriptive stats,ffill,âŒ,
950,SeriesGroupBy,``SeriesGroupBy`` computations / descriptive stats,fillna,âŒ,
951,SeriesGroupBy,``SeriesGroupBy`` computations / descriptive stats,first,ğŸŸ¡,
952,SeriesGroupBy,``SeriesGroupBy`` computations / descriptive stats,head,âŒ,phase 2
953,SeriesGroupBy,``SeriesGroupBy`` computations / descriptive stats,idxmax,âŒ,phase 2
954,SeriesGroupBy,``SeriesGroupBy`` computations / descriptive stats,idxmin,âŒ,phase 2
955,SeriesGroupBy,``SeriesGroupBy`` computations / descriptive stats,is_monotonic_decreasing,âŒ,
956,SeriesGroupBy,``SeriesGroupBy`` computations / descriptive stats,is_monotonic_increasing,âŒ,
957,SeriesGroupBy,``SeriesGroupBy`` computations / descriptive stats,last,ğŸŸ¡,
958,SeriesGroupBy,``SeriesGroupBy`` computations / descriptive stats,max,ğŸŸ¡,
959,SeriesGroupBy,``SeriesGroupBy`` computations / descriptive stats,mean,âœ…,
960,SeriesGroupBy,``SeriesGroupBy`` computations / descriptive stats,median,âœ…,
961,SeriesGroupBy,``SeriesGroupBy`` computations / descriptive stats,min,âœ…,
962,SeriesGroupBy,``SeriesGroupBy`` computations / descriptive stats,ngroup,âŒ,
963,SeriesGroupBy,``SeriesGroupBy`` computations / descriptive stats,nlargest,âŒ,
964,SeriesGroupBy,``SeriesGroupBy`` computations / descriptive stats,nsmallest,âŒ,
965,SeriesGroupBy,``SeriesGroupBy`` computations / descriptive stats,nth,âŒ,
966,SeriesGroupBy,``SeriesGroupBy`` computations / descriptive stats,nunique,âŒ,
967,SeriesGroupBy,``SeriesGroupBy`` computations / descriptive stats,ohlc,âŒ,
968,SeriesGroupBy,``SeriesGroupBy`` computations / descriptive stats,pct_change,âŒ,
969,SeriesGroupBy,``SeriesGroupBy`` computations / descriptive stats,prod,âŒ,
970,SeriesGroupBy,``SeriesGroupBy`` computations / descriptive stats,quantile,âŒ,
971,SeriesGroupBy,``SeriesGroupBy`` computations / descriptive stats,rank,ğŸŸ¡,
972,SeriesGroupBy,``SeriesGroupBy`` computations / descriptive stats,resample,âŒ,
973,SeriesGroupBy,``SeriesGroupBy`` computations / descriptive stats,rolling,âŒ,
974,SeriesGroupBy,``SeriesGroupBy`` computations / descriptive stats,sample,âŒ,
975,SeriesGroupBy,``SeriesGroupBy`` computations / descriptive stats,sem,âŒ,
976,SeriesGroupBy,``SeriesGroupBy`` computations / descriptive stats,shift,âœ…,phase 2
977,SeriesGroupBy,``SeriesGroupBy`` computations / descriptive stats,size,ğŸŸ¡,
978,SeriesGroupBy,``SeriesGroupBy`` computations / descriptive stats,skew,âŒ,
979,SeriesGroupBy,``SeriesGroupBy`` computations / descriptive stats,std,âœ…,
980,SeriesGroupBy,``SeriesGroupBy`` computations / descriptive stats,sum,âœ…,
981,SeriesGroupBy,``SeriesGroupBy`` computations / descriptive stats,tail,âŒ,phase 2
982,SeriesGroupBy,``SeriesGroupBy`` computations / descriptive stats,take,âŒ,
983,SeriesGroupBy,``SeriesGroupBy`` computations / descriptive stats,unique,âŒ,
984,SeriesGroupBy,``SeriesGroupBy`` computations / descriptive stats,value_counts,âŒ,
985,SeriesGroupBy,``SeriesGroupBy`` computations / descriptive stats,var,âœ…,
986,TimedeltaIndex,Components,components,âŒ,
987,TimedeltaIndex,Components,days,âŒ,
988,TimedeltaIndex,Components,inferred_freq,âŒ,
989,TimedeltaIndex,Components,microseconds,âŒ,
990,TimedeltaIndex,Components,nanoseconds,âŒ,
991,TimedeltaIndex,Components,seconds,âŒ,
992,TimedeltaIndex,Conversion,as_unit,âŒ,
993,TimedeltaIndex,Conversion,ceil,âŒ,
994,TimedeltaIndex,Conversion,floor,âŒ,
995,TimedeltaIndex,Conversion,round,âŒ,
996,TimedeltaIndex,Conversion,to_frame,âŒ,
997,TimedeltaIndex,Conversion,to_pytimedelta,âŒ,
998,TimedeltaIndex,Conversion,to_series,âŒ,
999,TimedeltaIndex,Methods,mean,âŒ,
1000,Window,Weighted window functions,mean,âŒ,
1001,Window,Weighted window functions,std,âŒ,
1002,Window,Weighted window functions,sum,âŒ,
1003,Window,Weighted window functions,var,âŒ,
1004,api,Window indexer,indexers.BaseIndexer,âŒ,
1005,api,Window indexer,indexers.FixedForwardWindowIndexer,âŒ,
1006,api,Window indexer,indexers.VariableOffsetWindowIndexer,âŒ,
1007,pandas,Data manipulations,concat,âŒ,
1008,pandas,Data manipulations,crosstab,âŒ,
1009,pandas,Data manipulations,cut,âŒ,phase 2
1010,pandas,Data manipulations,factorize,âŒ,
1011,pandas,Data manipulations,from_dummies,âŒ,
1012,pandas,Data manipulations,get_dummies,âŒ,phase 2
1013,pandas,Data manipulations,lreshape,âŒ,
1014,pandas,Data manipulations,melt,âŒ,phase 2
1015,pandas,Data manipulations,merge,ğŸŸ¡,
1016,pandas,Data manipulations,merge_asof,âŒ,
1017,pandas,Data manipulations,merge_ordered,âŒ,
1018,pandas,Data manipulations,pivot,âŒ,
1019,pandas,Data manipulations,pivot_table,âŒ,
1020,pandas,Data manipulations,qcut,âŒ,phase 2
1021,pandas,Data manipulations,unique,âŒ,
1022,pandas,Data manipulations,wide_to_long,âŒ,
1023,pandas,Hashing,util.hash_array,âŒ,
1024,pandas,Hashing,util.hash_pandas_object,âŒ,
1025,pandas,Input/Output,ExcelFile,âŒ,
1026,pandas,Input/Output,ExcelFile.book,âŒ,
1027,pandas,Input/Output,ExcelFile.parse,âŒ,
1028,pandas,Input/Output,ExcelFile.sheet_names,âŒ,
1029,pandas,Input/Output,ExcelWriter,âŒ,
1030,pandas,Input/Output,HDFStore.append,âŒ,
1031,pandas,Input/Output,HDFStore.get,âŒ,
1032,pandas,Input/Output,HDFStore.groups,âŒ,
1033,pandas,Input/Output,HDFStore.info,âŒ,
1034,pandas,Input/Output,HDFStore.keys,âŒ,
1035,pandas,Input/Output,HDFStore.put,âŒ,
1036,pandas,Input/Output,HDFStore.select,âŒ,
1037,pandas,Input/Output,HDFStore.walk,âŒ,
1038,pandas,Input/Output,io.json.build_table_schema,âŒ,
1039,pandas,Input/Output,io.stata.StataReader.data_label,âŒ,
1040,pandas,Input/Output,io.stata.StataReader.value_labels,âŒ,
1041,pandas,Input/Output,io.stata.StataReader.variable_labels,âŒ,
1042,pandas,Input/Output,io.stata.StataWriter.write_file,âŒ,
1043,pandas,Input/Output,json_normalize,âŒ,
1044,pandas,Input/Output,read_clipboard,âŒ,
1045,pandas,Input/Output,read_csv,âŒ,
1046,pandas,Input/Output,read_excel,âŒ,
1047,pandas,Input/Output,read_feather,âŒ,
1048,pandas,Input/Output,read_fwf,âŒ,
1049,pandas,Input/Output,read_gbq,âŒ,
1050,pandas,Input/Output,read_hdf,âŒ,
1051,pandas,Input/Output,read_html,âŒ,
1052,pandas,Input/Output,read_json,âŒ,
1053,pandas,Input/Output,read_orc,âŒ,
1054,pandas,Input/Output,read_parquet,âŒ,
1055,pandas,Input/Output,read_pickle,âŒ,
1056,pandas,Input/Output,read_sas,âŒ,
1057,pandas,Input/Output,read_spss,âŒ,
1058,pandas,Input/Output,read_sql,âŒ,
1059,pandas,Input/Output,read_sql_query,âŒ,
1060,pandas,Input/Output,read_sql_table,âŒ,
1061,pandas,Input/Output,read_stata,âŒ,
1062,pandas,Input/Output,read_table,âŒ,
1063,pandas,Input/Output,read_xml,âŒ,
1064,pandas,Top-level dealing with Interval data,interval_range,âŒ,
1065,pandas,Top-level dealing with datetimelike data,bdate_range,âŒ,
1066,pandas,Top-level dealing with datetimelike data,date_range,âŒ,phase 2
1067,pandas,Top-level dealing with datetimelike data,infer_freq,âŒ,
1068,pandas,Top-level dealing with datetimelike data,period_range,âŒ,
1069,pandas,Top-level dealing with datetimelike data,timedelta_range,âŒ,
1070,pandas,Top-level dealing with datetimelike data,to_datetime,âŒ,
1071,pandas,Top-level dealing with datetimelike data,to_timedelta,âŒ,
1072,pandas,Top-level dealing with numeric data,to_numeric,âŒ,
1073,pandas,Top-level evaluation,eval,âŒ,
1074,pandas,Top-level missing data,isna,âŒ,
1075,pandas,Top-level missing data,isnull,âŒ,
1076,pandas,Top-level missing data,notna,âŒ,
1077,pandas,Top-level missing data,notnull,âŒ,
